field_id,prithvi_cluster,ndvi_cluster,ndvi_apr,ndvi_jun,ndvi_aug
SB_FR_0003,3,3,0.13496136665344238,0.48001885414123535,0.4912481904029846
SB_FR_0004,3,3,0.10480345785617828,0.38803696632385254,0.4832569360733032
SB_FR_0005,1,1,0.1387268453836441,0.3786256015300751,0.4149918258190155
SB_FR_0007,3,0,0.18888476490974426,0.40745148062705994,0.38239285349845886
SB_FR_0008,3,3,0.1299513429403305,0.5105093121528625,0.5890005230903625
SB_FR_0009,0,3,0.17860448360443115,0.4953564703464508,0.485293984413147
SB_FR_0010,0,4,0.2877378463745117,0.5169504284858704,0.4914512038230896
SB_FR_0011,1,3,0.2035265564918518,0.4303831160068512,0.43454113602638245
SB_FR_0012,4,4,0.21620739996433258,0.4956960082054138,0.35182812809944153
SB_FR_0013,4,3,0.12755930423736572,0.43680888414382935,0.462356299161911
SB_FR_0014,3,4,0.24110223352909088,0.4317808747291565,0.2912929058074951
SB_FR_0015,4,3,0.15961161255836487,0.4848598837852478,0.45873287320137024
SB_FR_0016,0,3,0.18051663041114807,0.47163933515548706,0.4809357225894928
SB_FR_0017,0,2,0.17094279825687408,0.495369017124176,0.41777509450912476
SB_FR_0018,1,2,0.20538324117660522,0.5152969360351562,0.3906683325767517
SB_FR_0019,4,3,0.13367366790771484,0.4534795582294464,0.4782605469226837
SB_FR_0020,0,3,0.2234448939561844,0.4667302966117859,0.5115243196487427
SB_FR_0021,4,3,0.17223942279815674,0.526509165763855,0.4924633204936981
SB_FR_0022,1,3,0.1926693469285965,0.470702588558197,0.43858951330184937
SB_FR_0023,1,3,0.1864055097103119,0.47119855880737305,0.48015183210372925
SB_FR_0024,4,3,0.13911597430706024,0.45565927028656006,0.4205029010772705
SB_FR_0025,3,3,0.1434861570596695,0.4633289873600006,0.5255563855171204
SB_FR_0026,0,2,0.21047672629356384,0.5362459421157837,0.40146175026893616
SB_FR_0027,4,3,0.1181657612323761,0.4108719527721405,0.49945518374443054
SB_FR_0028,2,3,0.13375768065452576,0.4057072103023529,0.45178845524787903
SB_FR_0030,1,0,0.1466270089149475,0.4327961802482605,0.38416633009910583
SB_FR_0031,4,3,0.2061973512172699,0.5352907180786133,0.5088617205619812
SB_FR_0032,4,0,0.13089215755462646,0.4303673505783081,0.36199724674224854
SB_FR_0033,0,4,0.22822923958301544,0.42756253480911255,0.32978442311286926
SB_FR_0035,1,3,0.15667285025119781,0.46630942821502686,0.42985472083091736
SB_FR_0036,4,2,0.11212921142578125,0.45080897212028503,0.35095179080963135
SB_FR_0037,1,3,0.14310331642627716,0.41305091977119446,0.43455785512924194
SB_FR_0038,0,3,0.11576313525438309,0.4547075033187866,0.42340087890625
SB_FR_0039,4,2,0.19282731413841248,0.4755781292915344,0.33541110157966614
SB_FR_0040,0,0,0.15440605580806732,0.3865036070346832,0.34225890040397644
SB_FR_0041,4,4,0.21795713901519775,0.47948992252349854,0.37598904967308044
SB_FR_0042,3,3,0.13107535243034363,0.4608546793460846,0.5167140960693359
SB_FR_0043,3,3,0.19862739741802216,0.45828840136528015,0.4674008786678314
SB_FR_0044,1,3,0.12169012427330017,0.42582598328590393,0.38963621854782104
SB_FR_0045,0,2,0.1422596424818039,0.48898303508758545,0.4050934910774231
SB_FR_0046,4,0,0.14798949658870697,0.3457087576389313,0.29393646121025085
SB_FR_0047,3,3,0.13366927206516266,0.4965854585170746,0.472434401512146
SB_FR_0048,4,3,0.151528999209404,0.4170953333377838,0.48273149132728577
SB_FR_0049,4,0,0.1509009301662445,0.3627912402153015,0.32168522477149963
SB_FR_0050,2,0,0.13435325026512146,0.4023166298866272,0.3526485860347748
SB_FR_0051,0,4,0.25818949937820435,0.5174816250801086,0.36287158727645874
SB_FR_0052,4,2,0.14630742371082306,0.5310893058776855,0.4202146530151367
SB_FR_0053,1,3,0.15883636474609375,0.44240614771842957,0.4926433563232422
SB_FR_0054,4,4,0.21792541444301605,0.46885040402412415,0.38223180174827576
SB_FR_0055,4,1,0.17700430750846863,0.318642258644104,0.4421912133693695
SB_FR_0056,1,3,0.1396298110485077,0.4215053617954254,0.3963436186313629
SB_FR_0057,1,4,0.205441415309906,0.453296422958374,0.3567076027393341
SB_FR_0058,3,3,0.11745449155569077,0.48547348380088806,0.5475445985794067
SB_FR_0059,3,2,0.1901647448539734,0.47732996940612793,0.23667395114898682
SB_FR_0063,1,3,0.13069644570350647,0.5067411065101624,0.448354572057724
SB_FR_0064,0,2,0.1593441665172577,0.4855287969112396,0.3725585341453552
SB_FR_0066,0,3,0.12622837722301483,0.40332603454589844,0.4558749496936798
SB_FR_0069,1,0,0.15781399607658386,0.3816864490509033,0.3237423300743103
SB_FR_0071,4,3,0.11787030100822449,0.40295931696891785,0.42686477303504944
SB_FR_0077,1,0,0.14804989099502563,0.424699991941452,0.27046582102775574
SB_FR_0078,1,3,0.13963079452514648,0.42575088143348694,0.39321255683898926
SB_FR_0079,4,3,0.11920101195573807,0.4793969988822937,0.46911153197288513
SB_FR_0080,4,3,0.12111090123653412,0.4152871072292328,0.4955972731113434
SB_FR_0081,1,2,0.14471782743930817,0.47022947669029236,0.38554850220680237
SB_FR_0082,4,4,0.2752006947994232,0.4505194425582886,0.30856630206108093
SB_FR_0083,0,4,0.22219575941562653,0.4416387379169464,0.2818436026573181
SB_FR_0084,2,3,0.14409682154655457,0.43900763988494873,0.4635035991668701
SB_FR_0085,0,3,0.15083371102809906,0.41194939613342285,0.5418646335601807
SB_FR_0086,3,4,0.2686364948749542,0.40634870529174805,0.3381415009498596
SB_FR_0087,1,0,0.1666382998228073,0.413094699382782,0.29936569929122925
SB_FR_0088,3,1,0.16529050469398499,0.3524542450904846,0.3209059238433838
SB_FR_0089,0,1,0.13549469411373138,0.3298763334751129,0.38976770639419556
SB_FR_0090,4,3,0.15110674500465393,0.48088720440864563,0.4844933748245239
SB_FR_0091,0,2,0.14053305983543396,0.49291616678237915,0.41204553842544556
SB_FR_0092,0,2,0.13403014838695526,0.5363084673881531,0.44968584179878235
SB_FR_0093,4,4,0.19690248370170593,0.45999816060066223,0.3595903813838959
SB_FR_0094,0,1,0.1436820775270462,0.3078218698501587,0.3615761995315552
SB_FR_0095,4,2,0.11661722511053085,0.4531625211238861,0.2718481719493866
SB_FR_0096,3,4,0.2396191656589508,0.44563350081443787,0.24671697616577148
SB_FR_0097,1,0,0.15368972718715668,0.43944135308265686,0.3727254271507263
SB_FR_0098,3,2,0.1723286658525467,0.4862940013408661,0.3185420036315918
SB_FR_0099,2,3,0.109127476811409,0.38297680020332336,0.42640531063079834
SB_FR_0100,1,4,0.22303661704063416,0.46175289154052734,0.4187295734882355
SB_FR_0101,4,2,0.12903182208538055,0.45727652311325073,0.29332345724105835
SB_FR_0102,3,1,0.18789692223072052,0.3619314134120941,0.33476343750953674
SB_FR_0103,0,4,0.20104730129241943,0.44612789154052734,0.3364078998565674
SB_FR_0104,4,4,0.273444265127182,0.4098038673400879,0.2990395724773407
SB_FR_0105,1,1,0.11674870550632477,0.2406454235315323,0.4859521985054016
SB_FR_0106,2,4,0.25631967186927795,0.47251462936401367,0.32579851150512695
SB_FR_0107,4,2,0.192485511302948,0.4833267629146576,0.4020785093307495
SB_FR_0108,3,4,0.2029634565114975,0.46181702613830566,0.4000305235385895
SB_FR_0109,4,0,0.14172343909740448,0.3926679491996765,0.36326703429222107
SB_FR_0110,1,3,0.12038178741931915,0.4467160701751709,0.3964328169822693
SB_FR_0112,0,1,0.18513080477714539,0.40051713585853577,0.39934033155441284
SB_FR_0113,2,3,0.2168523073196411,0.4708532989025116,0.4954461455345154
SB_FR_0114,3,0,0.11837182193994522,0.4035530090332031,0.3338310122489929
SB_FR_0115,2,4,0.24632513523101807,0.5356752872467041,0.34212568402290344
SB_FR_0116,0,3,0.12723441421985626,0.4099903702735901,0.4558809995651245
SB_FR_0117,1,3,0.16941611468791962,0.506010890007019,0.46425989270210266
SB_FR_0118,0,1,0.1567288041114807,0.3419840931892395,0.3094739317893982
SB_FR_0119,1,1,0.10326084494590759,0.3673703372478485,0.42521703243255615
SB_FR_0120,1,3,0.119998499751091,0.4573746621608734,0.40672650933265686
SB_FR_0121,2,0,0.15807203948497772,0.3762844502925873,0.2768014967441559
SB_FR_0122,4,0,0.15947559475898743,0.4384227395057678,0.30872729420661926
SB_FR_0123,1,1,0.13790154457092285,0.35385411977767944,0.3742101490497589
SB_FR_0124,1,3,0.14017747342586517,0.4213794767856598,0.469577431678772
SB_FR_0125,4,2,0.18910686671733856,0.48948848247528076,0.3619328439235687
SB_FR_0126,0,0,0.1514064222574234,0.3903600871562958,0.31316056847572327
SB_FR_0127,1,3,0.24671690165996552,0.49299052357673645,0.5540254712104797
SB_FR_0128,4,3,0.13074444234371185,0.45436033606529236,0.4440596103668213
SB_FR_0129,0,4,0.24910274147987366,0.4923182725906372,0.2758638560771942
SB_FR_0130,2,4,0.19387008249759674,0.4221469759941101,0.2946828603744507
SB_FR_0131,2,3,0.18798702955245972,0.44817790389060974,0.5020617246627808
SB_FR_0132,1,3,0.17565718293190002,0.45724162459373474,0.5107779502868652
SB_FR_0133,1,2,0.18866944313049316,0.5054775476455688,0.34336745738983154
SB_FR_0134,0,0,0.16791725158691406,0.4100864827632904,0.27937811613082886
SB_FR_0135,1,3,0.17285285890102386,0.43254199624061584,0.48433563113212585
SB_FR_0136,4,3,0.14250127971172333,0.4221094846725464,0.4386337995529175
SB_FR_0137,1,4,0.21716858446598053,0.45181208848953247,0.3829542398452759
SB_FR_0138,0,0,0.14899446070194244,0.36671653389930725,0.2869619131088257
SB_FR_0139,1,0,0.14085687696933746,0.42765235900878906,0.3527842164039612
SB_FR_0140,4,4,0.23553965985774994,0.4490455687046051,0.3936903476715088
SB_FR_0141,0,0,0.15040257573127747,0.40882977843284607,0.3022504150867462
SB_FR_0142,4,0,0.15162275731563568,0.4284333288669586,0.36332499980926514
SB_FR_0143,0,0,0.18505072593688965,0.44105926156044006,0.32274961471557617
SB_FR_0144,0,2,0.11845503747463226,0.442229688167572,0.37811917066574097
SB_FR_0145,4,1,0.12729734182357788,0.27143529057502747,0.4020196795463562
SB_FR_0146,3,1,0.13435350358486176,0.35120889544487,0.5016347765922546
SB_FR_0147,1,0,0.1374226063489914,0.3794558644294739,0.35909056663513184
SB_FR_0148,1,0,0.16366729140281677,0.4316297769546509,0.3085552453994751
SB_FR_0149,1,3,0.13496707379817963,0.4472469687461853,0.45249736309051514
SB_FR_0150,3,2,0.12554287910461426,0.44697871804237366,0.3781101703643799
SB_FR_0151,4,2,0.13338826596736908,0.4399597644805908,0.3517737090587616
SB_FR_0152,3,1,0.14874915778636932,0.38802623748779297,0.4067249596118927
SB_FR_0153,4,0,0.14595827460289001,0.36871644854545593,0.2899318337440491
SB_FR_0154,1,0,0.16768594086170197,0.40130871534347534,0.2613045573234558
SB_FR_0155,3,0,0.13183148205280304,0.3936948776245117,0.36977124214172363
SB_FR_0156,1,1,0.15778812766075134,0.35522326827049255,0.45747101306915283
SB_FR_0157,1,3,0.1377270519733429,0.4398851990699768,0.3902401030063629
SB_FR_0158,0,0,0.18472899496555328,0.4191649258136749,0.2930237054824829
SB_FR_0159,0,1,0.23197558522224426,0.3515162765979767,0.35325461626052856
SB_FR_0160,0,0,0.1884007602930069,0.44520026445388794,0.3804677128791809
SB_FR_0161,4,3,0.14443649351596832,0.4531501233577728,0.539450466632843
SB_FR_0162,1,4,0.26913824677467346,0.40418267250061035,0.4625169038772583
SB_FR_0163,3,3,0.12364714592695236,0.4897751808166504,0.5673846006393433
SB_FR_0165,0,2,0.12403029203414917,0.5165634751319885,0.38302847743034363
SB_FR_0166,4,2,0.1818409413099289,0.48366090655326843,0.41028621792793274
SB_FR_0167,1,3,0.1737373173236847,0.4967617690563202,0.5347669720649719
SB_FR_0168,1,3,0.1806284487247467,0.44533610343933105,0.49338582158088684
SB_FR_0169,2,0,0.1905161291360855,0.4062395691871643,0.29089897871017456
SB_FR_0170,4,3,0.1875799000263214,0.45974841713905334,0.4239690899848938
SB_FR_0171,0,2,0.17735238373279572,0.48000606894493103,0.29565295577049255
SB_FR_0172,3,1,0.11553066223859787,0.33937183022499084,0.4024209976196289
SB_FR_0173,0,2,0.14192870259284973,0.4549310505390167,0.31263163685798645
SB_FR_0174,1,4,0.22039976716041565,0.3399082124233246,0.237699955701828
SB_FR_0175,0,3,0.11862224340438843,0.4209105968475342,0.4482566714286804
SB_FR_0176,3,0,0.17112667858600616,0.40591931343078613,0.277587890625
SB_FR_0177,0,3,0.2057737112045288,0.41679853200912476,0.5084402561187744
SB_FR_0178,4,0,0.12783724069595337,0.3793841004371643,0.2659832835197449
SB_FR_0179,0,3,0.13684505224227905,0.4320666790008545,0.5322129726409912
SB_FR_0180,0,0,0.10550983995199203,0.3960326611995697,0.2768007814884186
SB_FR_0181,2,3,0.1412871927022934,0.475091814994812,0.46805426478385925
SB_FR_0182,1,0,0.14604029059410095,0.370156466960907,0.3227445185184479
SB_FR_0183,4,3,0.20150792598724365,0.4642791748046875,0.4478330910205841
SB_FR_0184,4,4,0.23527118563652039,0.4684463441371918,0.4513188302516937
SB_FR_0185,1,0,0.11706020683050156,0.3972814977169037,0.3890916109085083
SB_FR_0186,1,1,0.17198990285396576,0.365328311920166,0.3624904453754425
SB_FR_0187,2,3,0.14653557538986206,0.41962355375289917,0.42269250750541687
SB_FR_0189,1,2,0.11761321872472763,0.4740304946899414,0.41432133316993713
SB_FR_0190,4,0,0.20058460533618927,0.4168928265571594,0.39867523312568665
SB_FR_0191,1,0,0.14662204682826996,0.4038422405719757,0.3757670521736145
SB_FR_0192,3,3,0.16249532997608185,0.528135359287262,0.5049411058425903
SB_FR_0193,3,1,0.14255163073539734,0.3879590332508087,0.43483009934425354
SB_FR_0194,0,3,0.12383322417736053,0.4387003481388092,0.4993291199207306
SB_FR_0195,4,4,0.22241994738578796,0.46635323762893677,0.39076071977615356
SB_FR_0196,4,0,0.15658792853355408,0.40509554743766785,0.2355506271123886
SB_FR_0197,1,0,0.11800375580787659,0.42213085293769836,0.3661811053752899
SB_FR_0198,3,3,0.1241045892238617,0.48569247126579285,0.44213905930519104
SB_FR_0199,4,1,0.17589780688285828,0.34359586238861084,0.5096514225006104
SB_FR_0200,1,0,0.14095374941825867,0.41425731778144836,0.341729074716568
SB_FR_0201,0,1,0.18721380829811096,0.32270151376724243,0.35052400827407837
SB_FR_0202,1,0,0.12406214326620102,0.41703152656555176,0.3562391698360443
SB_FR_0203,3,3,0.1168329119682312,0.4212135970592499,0.4880574643611908
SB_FR_0204,0,3,0.12435691803693771,0.43753528594970703,0.47586914896965027
SB_FR_0205,0,1,0.1858949512243271,0.30664247274398804,0.47554585337638855
SB_FR_0206,4,4,0.22142095863819122,0.47159451246261597,0.295876145362854
SB_FR_0207,4,4,0.22639693319797516,0.4508245587348938,0.38327130675315857
SB_FR_0208,1,3,0.14148522913455963,0.4568351209163666,0.40047091245651245
SB_FR_0209,0,1,0.14545254409313202,0.33502188324928284,0.3824636936187744
SB_FR_0210,2,4,0.2316514551639557,0.45247146487236023,0.29333338141441345
SB_FR_0211,2,2,0.1332470327615738,0.4623606503009796,0.35575956106185913
SB_FR_0212,3,0,0.16769227385520935,0.3839940130710602,0.3324648439884186
SB_FR_0213,1,0,0.18645431101322174,0.4351194202899933,0.3599609434604645
SB_FR_0214,0,3,0.1694648563861847,0.5237666368484497,0.48928335309028625
SB_FR_0215,0,3,0.155689537525177,0.5545995831489563,0.5166696310043335
SB_FR_0216,3,3,0.16465623676776886,0.49452319741249084,0.4428631663322449
SB_FR_0217,0,0,0.13904327154159546,0.3956570029258728,0.35039469599723816
SB_FR_0218,4,1,0.1218901202082634,0.32367634773254395,0.3102346956729889
SB_FR_0219,4,3,0.15120674669742584,0.47121405601501465,0.4496624767780304
SB_FR_0220,1,2,0.16600172221660614,0.4609628915786743,0.3802536129951477
SB_FR_0221,1,2,0.15639731287956238,0.5454688668251038,0.4110679030418396
SB_FR_0222,0,2,0.11526674777269363,0.4554741382598877,0.33700045943260193
SB_FR_0223,0,0,0.14822101593017578,0.4291970729827881,0.32510843873023987
SB_FR_0224,1,2,0.12591765820980072,0.44804084300994873,0.2987097501754761
SB_FR_0225,0,0,0.1411796659231186,0.416336327791214,0.3542828857898712
SB_FR_0226,4,3,0.14501923322677612,0.4607563614845276,0.42456504702568054
SB_FR_0227,2,2,0.1087380051612854,0.4755900502204895,0.25891396403312683
SB_FR_0228,4,3,0.14736981689929962,0.4610249400138855,0.4962112307548523
SB_FR_0229,1,3,0.11609575897455215,0.5111982226371765,0.48437488079071045
SB_FR_0230,3,3,0.1470625251531601,0.4989989399909973,0.4631301164627075
SB_FR_0231,1,2,0.12632986903190613,0.4832477867603302,0.36924320459365845
SB_FR_0232,4,4,0.2143581509590149,0.4608818292617798,0.2858310639858246
SB_FR_0234,4,2,0.1665419340133667,0.5112077593803406,0.4270904064178467
SB_FR_0235,1,0,0.14981885254383087,0.4367828071117401,0.3831010162830353
SB_FR_0236,1,0,0.10525350272655487,0.421657532453537,0.3189844489097595
SB_FR_0238,3,3,0.12845584750175476,0.4151953160762787,0.4032498896121979
SB_FR_0239,3,0,0.1407003253698349,0.43195030093193054,0.29306522011756897
SB_FR_0240,0,3,0.1861274540424347,0.48176467418670654,0.46057894825935364
SB_FR_0241,4,3,0.13359813392162323,0.5177537202835083,0.6206402778625488
SB_FR_0243,2,4,0.21518449485301971,0.45579496026039124,0.32061588764190674
SB_FR_0244,0,3,0.12635454535484314,0.46487680077552795,0.42019733786582947
SB_FR_0245,0,3,0.12921524047851562,0.476296991109848,0.5506366491317749
SB_FR_0246,1,3,0.1291172355413437,0.4622911512851715,0.5305330753326416
SB_FR_0247,4,2,0.1151311844587326,0.4749531149864197,0.2794119715690613
SB_FR_0248,1,0,0.14836940169334412,0.3638392388820648,0.31803977489471436
SB_FR_0249,0,2,0.11039772629737854,0.4419769048690796,0.33590543270111084
SB_FR_0250,1,2,0.1642252653837204,0.45032715797424316,0.272259384393692
SB_FR_0251,2,0,0.1307482123374939,0.3734157979488373,0.27332624793052673
SB_FR_0252,1,0,0.1353691816329956,0.4078269302845001,0.35254549980163574
SB_FR_0253,3,3,0.127875417470932,0.453144907951355,0.4739796221256256
SB_FR_0256,3,2,0.09348814189434052,0.43584582209587097,0.342611700296402
SB_FR_0257,0,4,0.2656650245189667,0.40723565220832825,0.2642711102962494
SB_FR_0258,0,0,0.16002856194972992,0.4057263135910034,0.31197085976600647
SB_FR_0259,1,2,0.14065028727054596,0.4899389147758484,0.354984849691391
SB_FR_0260,1,0,0.13647764921188354,0.42856255173683167,0.3066627085208893
SB_FR_0261,0,0,0.16782845556735992,0.40645357966423035,0.31205353140830994
SB_FR_0262,3,0,0.17165601253509521,0.44485142827033997,0.31366851925849915
SB_FR_0263,4,0,0.14671942591667175,0.4320378601551056,0.35705259442329407
SB_FR_0264,2,4,0.2918144464492798,0.4675762355327606,0.37050771713256836
SB_FR_0265,0,1,0.13426268100738525,0.34865620732307434,0.36664101481437683
SB_FR_0266,4,3,0.11815828084945679,0.4873201847076416,0.5448530316352844
SB_FR_0267,4,3,0.12599003314971924,0.4604406952857971,0.40385815501213074
SB_FR_0268,0,3,0.18627476692199707,0.42795491218566895,0.5171554684638977
SB_FR_0269,1,0,0.1503789871931076,0.39646682143211365,0.32662293314933777
SB_FR_0270,1,2,0.12346886098384857,0.4350114166736603,0.32164180278778076
SB_FR_0271,0,2,0.15715739130973816,0.443795382976532,0.2734993100166321
SB_FR_0272,4,1,0.12121115624904633,0.3802087903022766,0.40455231070518494
SB_FR_0273,3,1,0.1397010236978531,0.37348559498786926,0.38066428899765015
SB_FR_0274,1,3,0.15960334241390228,0.41344237327575684,0.48794153332710266
SB_FR_0275,4,3,0.1261807084083557,0.46524205803871155,0.46742433309555054
SB_FR_0276,0,0,0.11359459161758423,0.3846876919269562,0.38123708963394165
SB_FR_0277,0,0,0.12179908156394958,0.40760186314582825,0.3154500722885132
SB_FR_0278,0,1,0.11281819641590118,0.37431973218917847,0.4542350769042969
SB_FR_0279,0,3,0.11830344796180725,0.5202847719192505,0.4979221820831299
SB_FR_0280,0,0,0.16655448079109192,0.41369742155075073,0.2705781161785126
SB_FR_0284,0,4,0.20430168509483337,0.43358084559440613,0.30008816719055176
SB_FR_0285,4,4,0.36864930391311646,0.43430474400520325,0.2380407154560089
SB_FR_0286,3,3,0.12742429971694946,0.44435015320777893,0.498541921377182
SB_FR_0287,1,2,0.15219327807426453,0.4973929822444916,0.32739755511283875
SB_FR_0288,0,3,0.15556791424751282,0.5182557702064514,0.5561879873275757
SB_FR_0289,1,2,0.21363919973373413,0.5573249459266663,0.4176972508430481
SB_FR_0290,4,3,0.1169925108551979,0.4167477786540985,0.4890230596065521
SB_FR_0291,3,3,0.14107449352741241,0.44759923219680786,0.512987494468689
SB_FR_0292,0,3,0.15961213409900665,0.46706560254096985,0.4510561227798462
SB_FR_0293,3,3,0.14785142242908478,0.4268605709075928,0.44959476590156555
SB_FR_0294,4,0,0.14979290962219238,0.40931084752082825,0.3019052743911743
SB_FR_0296,0,0,0.1681218445301056,0.4030303955078125,0.2886573076248169
SB_FR_0297,1,2,0.14484965801239014,0.463936448097229,0.3847557306289673
SB_FR_0298,0,3,0.10863908380270004,0.5592307448387146,0.5183379650115967
SB_FR_0299,2,3,0.11027395725250244,0.502029538154602,0.5318020582199097
SB_FR_0300,4,2,0.14050790667533875,0.4974941313266754,0.43145185708999634
SB_FR_0301,3,3,0.1100950539112091,0.4288841784000397,0.45988374948501587
SB_FR_0304,0,4,0.20565690100193024,0.4204238951206207,0.3601272404193878
SB_FR_0305,4,4,0.23908774554729462,0.436210960149765,0.3193197548389435
SB_FR_0306,4,3,0.12002553790807724,0.4365149736404419,0.4023977220058441
SB_FR_0307,4,3,0.15864594280719757,0.4586854577064514,0.42085590958595276
SB_FR_0308,2,0,0.17200443148612976,0.4163024425506592,0.35342735052108765
SB_FR_0309,1,0,0.17897437512874603,0.3807337284088135,0.2902960479259491
SB_FR_0310,4,3,0.12572906911373138,0.39854544401168823,0.42858240008354187
SB_FR_0311,4,0,0.12122809886932373,0.41838517785072327,0.3791951835155487
SB_FR_0312,1,4,0.2239750325679779,0.44238704442977905,0.4267319440841675
SB_FR_0313,3,3,0.13417212665081024,0.3943599462509155,0.5068871974945068
SB_FR_0314,4,2,0.10656122863292694,0.44624561071395874,0.34106603264808655
SB_FR_0315,3,1,0.13168151676654816,0.2938079833984375,0.3838386535644531
SB_FR_0316,3,3,0.13296237587928772,0.4812600314617157,0.5264735221862793
SB_FR_0317,3,3,0.13662531971931458,0.4534107744693756,0.5238393545150757
SB_FR_0318,1,4,0.27082720398902893,0.3945506513118744,0.35673755407333374
SB_FR_0319,0,3,0.155350461602211,0.46250224113464355,0.48396241664886475
SB_FR_0320,1,2,0.15259595215320587,0.4592578709125519,0.3946331739425659
SB_FR_0321,1,1,0.20227746665477753,0.33261027932167053,0.32497698068618774
SB_FR_0322,2,2,0.14140909910202026,0.5155548453330994,0.372347891330719
SB_FR_0323,3,4,0.20646221935749054,0.35785338282585144,0.31342026591300964
SB_FR_0324,2,2,0.1435818076133728,0.4575708210468292,0.33189892768859863
SB_FR_0325,3,3,0.14205588400363922,0.4500862956047058,0.5589325428009033
SB_FR_0326,0,3,0.15594369173049927,0.47222816944122314,0.4574669301509857
SB_FR_0327,3,3,0.10264663398265839,0.5196534395217896,0.5652590394020081
SB_FR_0328,3,0,0.14091114699840546,0.41728296875953674,0.356662392616272
SB_FR_0329,4,0,0.1783488392829895,0.4150369167327881,0.26392510533332825
SB_FR_0330,0,3,0.14820092916488647,0.4164699614048004,0.432149738073349
SB_FR_0331,0,0,0.11679917573928833,0.3626421093940735,0.3075416684150696
SB_FR_0332,0,0,0.19817344844341278,0.3935188949108124,0.35776054859161377
SB_FR_0333,3,3,0.11218560487031937,0.41196998953819275,0.48082244396209717
SB_FR_0334,3,3,0.1359947770833969,0.4846585690975189,0.47606563568115234
SB_FR_0335,4,4,0.23039337992668152,0.4509832561016083,0.2759503722190857
SB_FR_0336,1,2,0.17126628756523132,0.47627878189086914,0.33431535959243774
SB_FR_0338,0,2,0.1365281045436859,0.4422587752342224,0.302873820066452
SB_FR_0339,2,4,0.2464231550693512,0.49701112508773804,0.3732672929763794
SB_FR_0340,3,3,0.13166208565235138,0.39504197239875793,0.5355679988861084
SB_FR_0341,1,2,0.18591618537902832,0.517514169216156,0.41361451148986816
SB_FR_0342,2,3,0.12644875049591064,0.43910935521125793,0.4382590055465698
SB_FR_0343,1,3,0.16509921848773956,0.47323739528656006,0.45368388295173645
SB_FR_0344,0,4,0.22349406778812408,0.46074622869491577,0.3937782347202301
SB_FR_0345,0,3,0.12598136067390442,0.4340752065181732,0.44535985589027405
SB_FR_0346,2,4,0.2631520926952362,0.4925799071788788,0.3433266580104828
SB_FR_0347,4,0,0.14410585165023804,0.38898512721061707,0.33296751976013184
SB_FR_0348,1,3,0.12291800230741501,0.4875631034374237,0.45299527049064636
SB_FR_0349,2,0,0.15844422578811646,0.3524382710456848,0.294565886259079
SB_FR_0350,3,3,0.13798534870147705,0.4702986776828766,0.4965844750404358
SB_FR_0351,1,2,0.1132342666387558,0.4801955223083496,0.372699111700058
SB_FR_0352,3,2,0.15248367190361023,0.455765038728714,0.3920038342475891
SB_FR_0353,1,3,0.17632706463336945,0.5158618092536926,0.4621330201625824
SB_FR_0354,0,1,0.13491670787334442,0.32671913504600525,0.5140848755836487
SB_FR_0355,2,2,0.12021784484386444,0.5301690101623535,0.3790731728076935
SB_FR_0356,4,2,0.12896981835365295,0.48879775404930115,0.4238363802433014
SB_FR_0357,1,2,0.1584159880876541,0.4583723545074463,0.3266853392124176
SB_FR_0359,1,2,0.14964139461517334,0.5133394598960876,0.3676817715167999
SB_FR_0360,0,2,0.135776087641716,0.47631415724754333,0.3839245140552521
SB_FR_0361,4,2,0.1622008979320526,0.4910769462585449,0.3039950132369995
SB_FR_0362,1,1,0.11725791543722153,0.34406033158302307,0.5496219992637634
SB_FR_0364,1,4,0.2118167281150818,0.400783509016037,0.2899109721183777
SB_FR_0365,2,4,0.20266740024089813,0.4051929712295532,0.25156307220458984
SB_FR_0366,0,1,0.1313524842262268,0.33245038986206055,0.34169867634773254
SB_FR_0367,3,3,0.1136133074760437,0.3800732493400574,0.4940623939037323
SB_FR_0368,1,3,0.15859590470790863,0.5383570790290833,0.5349449515342712
SB_FR_0369,4,2,0.17434091866016388,0.5138611793518066,0.313442200422287
SB_FR_0370,1,2,0.1474950760602951,0.45962145924568176,0.31642088294029236
SB_FR_0371,0,3,0.12279229611158371,0.4757431149482727,0.46786338090896606
SB_FR_0372,4,0,0.14218683540821075,0.38103803992271423,0.3003479242324829
SB_FR_0373,3,3,0.10913054645061493,0.49037083983421326,0.5138035416603088
SB_FR_0374,4,2,0.19021092355251312,0.4654447138309479,0.3005593717098236
SB_FR_0375,1,3,0.1284712702035904,0.3902237117290497,0.4179723560810089
SB_FR_0376,0,0,0.1610715538263321,0.385015070438385,0.291505366563797
SB_FR_0377,4,3,0.11706829816102982,0.45300713181495667,0.45426687598228455
SB_FR_0378,1,0,0.12991546094417572,0.4139005243778229,0.3716992437839508
SB_FR_0379,0,0,0.10112147033214569,0.37319934368133545,0.33058688044548035
SB_FR_0380,0,2,0.133444681763649,0.4653896689414978,0.3811191916465759
SB_FR_0381,0,3,0.18041694164276123,0.40740063786506653,0.4277283251285553
SB_FR_0382,1,3,0.15229454636573792,0.4408884644508362,0.3955538272857666
SB_FR_0383,0,1,0.18202592432498932,0.3644658029079437,0.3798155188560486
SB_FR_0384,1,2,0.1860312521457672,0.5168808102607727,0.3543906509876251
SB_FR_0385,4,3,0.1079874038696289,0.45631659030914307,0.4556991159915924
SB_FR_0386,2,1,0.1494685709476471,0.37718915939331055,0.3950064480304718
SB_FR_0387,2,2,0.22871822118759155,0.534113347530365,0.2977847158908844
SB_FR_0388,2,1,0.16029386222362518,0.3725014925003052,0.4283326268196106
SB_FR_0389,3,3,0.13784697651863098,0.4241841435432434,0.39099782705307007
SB_FR_0390,1,4,0.23547494411468506,0.44658440351486206,0.29095029830932617
SB_FR_0391,4,0,0.1027560904622078,0.41917669773101807,0.34254488348960876
SB_FR_0392,1,3,0.15824468433856964,0.49576810002326965,0.4965168833732605
SB_FR_0393,3,3,0.17890481650829315,0.4248292148113251,0.4172230660915375
SB_FR_0394,4,2,0.14690226316452026,0.4463450610637665,0.3039607107639313
SB_FR_0395,4,2,0.13576413691043854,0.4938603341579437,0.30493825674057007
SB_FR_0396,0,3,0.15878714621067047,0.4312177896499634,0.4136751890182495
SB_FR_0397,0,1,0.14215604960918427,0.3050616979598999,0.2943461835384369
SB_FR_0398,3,3,0.12318571656942368,0.43683722615242004,0.425640344619751
SB_FR_0399,1,1,0.11621532589197159,0.2662455141544342,0.40010321140289307
SB_FR_0400,4,2,0.15506044030189514,0.45068955421447754,0.38594886660575867
SB_FR_0401,1,0,0.15437836945056915,0.44327908754348755,0.3863418400287628
SB_FR_0402,4,3,0.15025894343852997,0.3983709216117859,0.4756373167037964
SB_FR_0403,2,0,0.16728216409683228,0.4240894913673401,0.3621784448623657
SB_FR_0404,3,3,0.14745712280273438,0.47379323840141296,0.43090516328811646
SB_FR_0405,3,0,0.12121938169002533,0.39174044132232666,0.3010847866535187
SB_FR_0406,1,0,0.10839571058750153,0.4037097692489624,0.26582980155944824
SB_FR_0407,4,1,0.14775973558425903,0.3876655399799347,0.40458858013153076
SB_FR_0408,0,2,0.11409378051757812,0.43337035179138184,0.29982802271842957
SB_FR_0409,3,1,0.15357813239097595,0.38781318068504333,0.45848575234413147
SB_FR_0410,1,1,0.1720251441001892,0.34127992391586304,0.3331475257873535
SB_FR_0411,0,2,0.1693684458732605,0.4659845232963562,0.3826039135456085
SB_FR_0412,4,2,0.16540907323360443,0.4773792624473572,0.32908308506011963
SB_FR_0413,4,1,0.17476069927215576,0.3478986322879791,0.32128584384918213
SB_FR_0414,1,3,0.13303375244140625,0.46018826961517334,0.48693743348121643
SB_FR_0415,0,3,0.12223334610462189,0.5063151121139526,0.5269739031791687
SB_FR_0416,4,3,0.1775905191898346,0.47645553946495056,0.4142473042011261
SB_FR_0417,0,2,0.18995368480682373,0.4737154245376587,0.4095485210418701
SB_FR_0418,3,0,0.11689545214176178,0.3524862825870514,0.3142613172531128
SB_FR_0419,0,0,0.1807868629693985,0.44302791357040405,0.30448946356773376
SB_FR_0421,1,3,0.17823398113250732,0.4468806982040405,0.4059281647205353
SB_FR_0422,2,2,0.16910727322101593,0.46610817313194275,0.31995919346809387
SB_FR_0424,1,2,0.1546291708946228,0.4484386742115021,0.3411449193954468
SB_FR_0425,2,3,0.1525755673646927,0.44488725066185,0.4509781002998352
SB_FR_0426,1,1,0.1405768245458603,0.3642805218696594,0.3703441619873047
SB_FR_0427,1,1,0.11759020388126373,0.3416987657546997,0.40575698018074036
SB_FR_0428,0,3,0.11293511837720871,0.40119469165802,0.43186986446380615
SB_FR_0429,3,3,0.13242791593074799,0.41773107647895813,0.45307981967926025
SB_FR_0430,0,2,0.16880369186401367,0.47456803917884827,0.36414334177970886
SB_FR_0431,4,3,0.17688976228237152,0.4510522186756134,0.4325811564922333
SB_FR_0432,3,3,0.1881556212902069,0.4665389955043793,0.4402523636817932
SB_FR_0433,1,3,0.16826774179935455,0.4180752635002136,0.4513668715953827
SB_FR_0434,1,3,0.214069202542305,0.4718068242073059,0.45215290784835815
SB_FR_0435,3,3,0.11959873139858246,0.4364481270313263,0.4756620526313782
SB_FR_0436,0,0,0.11690166592597961,0.38810592889785767,0.3693636357784271
SB_FR_0437,2,3,0.196769118309021,0.4602646827697754,0.40100109577178955
SB_FR_0438,1,0,0.1357479989528656,0.38185739517211914,0.3432464897632599
SB_FR_0439,0,3,0.12437833100557327,0.4205445647239685,0.4023188352584839
SB_FR_0440,4,0,0.11848921328783035,0.4121459126472473,0.37166810035705566
SB_FR_0441,3,1,0.17073684930801392,0.3092557191848755,0.2653401494026184
SB_FR_0442,3,3,0.11587559431791306,0.42690417170524597,0.4157872200012207
SB_FR_0443,0,1,0.1222991943359375,0.34290093183517456,0.31719669699668884
SB_FR_0444,1,1,0.1459657996892929,0.38137567043304443,0.3740728795528412
SB_FR_0445,1,1,0.1463671326637268,0.33055055141448975,0.41330862045288086
SB_FR_0446,4,1,0.24628378450870514,0.3552348017692566,0.39730843901634216
SB_FR_0447,1,2,0.1932947039604187,0.5232775807380676,0.37026625871658325
SB_FR_0449,3,3,0.15576985478401184,0.5172592401504517,0.45999181270599365
SB_FR_0450,3,1,0.1209058091044426,0.3187280297279358,0.3089887201786041
SB_FR_0451,1,3,0.15049968659877777,0.40229368209838867,0.44425517320632935
SB_FR_0452,0,3,0.11457380652427673,0.3949533998966217,0.40880972146987915
SB_FR_0453,0,1,0.10666866600513458,0.36885449290275574,0.3631362020969391
SB_FR_0454,1,2,0.13155308365821838,0.46852296590805054,0.4073275625705719
SB_FR_0455,0,3,0.16785061359405518,0.43363887071609497,0.4056696891784668
SB_FR_0456,4,4,0.19948753714561462,0.4439961910247803,0.35109490156173706
SB_FR_0458,1,1,0.11204776167869568,0.2904454171657562,0.3242143392562866
SB_FR_0459,4,0,0.12922289967536926,0.3939557671546936,0.3243551552295685
SB_FR_0460,2,3,0.19452111423015594,0.45760127902030945,0.41709625720977783
SB_FR_0461,1,3,0.1129981204867363,0.42525431513786316,0.4359050393104553
SB_FR_0462,0,3,0.13136723637580872,0.3985755741596222,0.4761620759963989
SB_FR_0463,2,3,0.12959758937358856,0.4033975899219513,0.3994450271129608
SB_FR_0464,2,4,0.1929115206003189,0.4190640449523926,0.2878197729587555
SB_FR_0465,0,3,0.13084834814071655,0.429671049118042,0.45411765575408936
SB_FR_0466,1,0,0.14721053838729858,0.40288931131362915,0.2958172559738159
SB_FR_0467,4,1,0.15735191106796265,0.28511232137680054,0.44477561116218567
SB_FR_0468,2,4,0.35933661460876465,0.48853054642677307,0.20629875361919403
SB_FR_0469,1,2,0.2050604671239853,0.5359064340591431,0.36363083124160767
SB_FR_0470,1,2,0.14699475467205048,0.44254016876220703,0.35367655754089355
SB_FR_0471,2,2,0.1287831962108612,0.45963287353515625,0.37360119819641113
SB_FR_0472,0,0,0.16393034160137177,0.43980029225349426,0.3654336631298065
SB_FR_0473,1,2,0.1433294117450714,0.4747617840766907,0.31453850865364075
SB_FR_0474,0,2,0.17127248644828796,0.486355721950531,0.38831332325935364
SB_FR_0475,1,0,0.1268826425075531,0.40498000383377075,0.37043726444244385
SB_FR_0476,1,3,0.1758195161819458,0.43694791197776794,0.43295368552207947
SB_FR_0477,1,0,0.12937629222869873,0.41120514273643494,0.3454321026802063
SB_FR_0478,4,2,0.18368977308273315,0.5151084661483765,0.34195977449417114
SB_FR_0479,0,3,0.1247783750295639,0.40174591541290283,0.41370633244514465
SB_FR_0480,3,0,0.12256260216236115,0.3810356855392456,0.34238556027412415
SB_FR_0481,1,4,0.24781310558319092,0.46052539348602295,0.3686995506286621
SB_FR_0482,4,2,0.14747868478298187,0.4405938386917114,0.34321483969688416
SB_FR_0483,2,0,0.15092623233795166,0.4208180904388428,0.3348650634288788
SB_FR_0484,1,3,0.17510545253753662,0.4392625093460083,0.41235578060150146
SB_FR_0485,2,0,0.19894392788410187,0.40606656670570374,0.3873250186443329
SB_FR_0486,4,4,0.31307053565979004,0.40877294540405273,0.2646266520023346
SB_FR_0487,2,0,0.18597090244293213,0.42316824197769165,0.3607214689254761
SB_FR_0488,4,3,0.12893998622894287,0.4514915645122528,0.44770219922065735
SB_FR_0489,1,0,0.1538684219121933,0.43202051520347595,0.3461775779724121
SB_FR_0490,4,2,0.1765737533569336,0.48526254296302795,0.32910630106925964
SB_FR_0491,4,0,0.12261549383401871,0.38761308789253235,0.2374926507472992
SB_FR_0492,4,3,0.11445489525794983,0.49457189440727234,0.4781899154186249
SB_FR_0493,0,1,0.11252357810735703,0.31685709953308105,0.4469900131225586
SB_FR_0494,4,0,0.16894306242465973,0.40730276703834534,0.29870784282684326
SB_FR_0495,2,3,0.1737566739320755,0.49242496490478516,0.519195556640625
SB_FR_0496,4,1,0.17006513476371765,0.38904324173927307,0.3959536850452423
SB_FR_0497,1,1,0.12060484290122986,0.29098883271217346,0.26792478561401367
SB_FR_0498,1,3,0.11664016544818878,0.4167807996273041,0.39332666993141174
SB_FR_0499,0,3,0.15249645709991455,0.48685863614082336,0.43471604585647583
SB_FR_0500,1,4,0.26454201340675354,0.49579691886901855,0.3817555606365204
SB_FR_0501,2,1,0.10809118300676346,0.2719322443008423,0.4755594730377197
SB_FR_0502,4,0,0.12913388013839722,0.40259307622909546,0.2515685260295868
SB_FR_0503,2,4,0.2106066644191742,0.4519081711769104,0.292275607585907
SB_FR_0504,4,2,0.17536862194538116,0.5044074654579163,0.3667207360267639
SB_FR_0505,4,4,0.3638717830181122,0.4596087634563446,0.3718867301940918
SB_FR_0506,2,0,0.1444169133901596,0.4253603219985962,0.32114177942276
SB_FR_0507,1,0,0.1604592353105545,0.35992318391799927,0.26370278000831604
SB_FR_0508,4,4,0.2264365404844284,0.4997456967830658,0.3602274954319
SB_FR_0509,2,2,0.1281152069568634,0.44475632905960083,0.3143105208873749
SB_FR_0510,1,0,0.1805712878704071,0.45137032866477966,0.3767395317554474
SB_FR_0511,2,1,0.14426150918006897,0.3337789475917816,0.39511340856552124
SB_FR_0512,2,4,0.21073108911514282,0.40168464183807373,0.3156479597091675
SB_FR_0513,2,0,0.17851999402046204,0.3687181770801544,0.2872578501701355
SB_FR_0514,2,3,0.12056208401918411,0.434194415807724,0.483097642660141
SB_FR_0515,1,2,0.14375214278697968,0.458631306886673,0.37143656611442566
SB_FR_0516,0,3,0.24675795435905457,0.4987543225288391,0.499961256980896
SB_FR_0517,3,0,0.14250534772872925,0.3818800151348114,0.348623126745224
SB_FR_0518,0,0,0.15553122758865356,0.4204590618610382,0.38256603479385376
SB_FR_0519,4,4,0.20888051390647888,0.40520650148391724,0.3619570732116699
SB_FR_0520,1,3,0.11000015586614609,0.4619407057762146,0.4258274734020233
SB_FR_0521,4,0,0.1538621336221695,0.40897250175476074,0.3064764738082886
SB_FR_0522,2,4,0.22432565689086914,0.4961269199848175,0.3957594037055969
SB_FR_0523,0,3,0.16265977919101715,0.47041258215904236,0.4388641119003296
SB_FR_0524,0,0,0.10354797542095184,0.41785767674446106,0.36517569422721863
SB_FR_0525,0,2,0.14804507791996002,0.45653846859931946,0.3551139831542969
SB_FR_0526,0,1,0.09906677156686783,0.29430079460144043,0.3591710031032562
SB_FR_0527,1,1,0.12719853222370148,0.3445795178413391,0.4443944990634918
SB_FR_0528,1,3,0.15311376750469208,0.44659051299095154,0.4916060268878937
SB_FR_0529,1,0,0.12158627063035965,0.39294111728668213,0.2914213538169861
SB_FR_0530,1,3,0.11487967520952225,0.4493078589439392,0.41706857085227966
SB_FR_0531,2,4,0.19889642298221588,0.43796929717063904,0.32110631465911865
SB_FR_0532,0,4,0.25154805183410645,0.43148714303970337,0.4586426913738251
SB_FR_0533,2,4,0.307442307472229,0.38679805397987366,0.32405632734298706
SB_FR_0534,1,0,0.1389344483613968,0.39576736092567444,0.37062060832977295
SB_FR_0535,1,2,0.12306883931159973,0.4917745888233185,0.31827878952026367
SB_FR_0536,4,2,0.11365272104740143,0.5052648186683655,0.42563727498054504
SB_FR_0537,0,2,0.13451479375362396,0.555529773235321,0.32506561279296875
SB_FR_0538,3,3,0.19846291840076447,0.4262439012527466,0.4973351061344147
SB_FR_0539,4,2,0.17436304688453674,0.512814998626709,0.3695240318775177
SB_FR_0540,1,3,0.12517066299915314,0.45831426978111267,0.4642522931098938
SB_FR_0541,3,2,0.18466074764728546,0.48868846893310547,0.40343794226646423
SB_FR_0542,4,1,0.1947028636932373,0.3762359023094177,0.34941598773002625
SB_FR_0543,0,0,0.1634058803319931,0.41649168729782104,0.36375677585601807
SB_FR_0544,0,0,0.18411165475845337,0.42360687255859375,0.38383612036705017
SB_FR_0545,0,3,0.19107425212860107,0.4642636775970459,0.4800448715686798
SB_FR_0546,1,0,0.1508794128894806,0.41983774304389954,0.3760402500629425
SB_FR_0547,0,0,0.15997309982776642,0.3912527859210968,0.34596195816993713
SB_FR_0548,2,1,0.15791548788547516,0.3863143026828766,0.43725910782814026
SB_FR_0549,0,1,0.15034545958042145,0.3761917054653168,0.3773704469203949
SB_FR_0550,1,2,0.16529303789138794,0.4905224144458771,0.4169375002384186
SB_FR_0551,4,1,0.10741408914327621,0.3106437921524048,0.39011597633361816
SB_FR_0552,1,1,0.10042241215705872,0.30902671813964844,0.3221695125102997
SB_FR_0553,1,0,0.12340504676103592,0.38266512751579285,0.3400074541568756
SB_FR_0554,1,2,0.11290127784013748,0.46172720193862915,0.28939956426620483
SB_FR_0555,0,3,0.1458362191915512,0.41820093989372253,0.43585386872291565
SB_FR_0556,1,3,0.16597981750965118,0.44034016132354736,0.3972584307193756
SB_FR_0557,4,3,0.14933115243911743,0.4764629304409027,0.510901927947998
SB_FR_0558,3,0,0.19311705231666565,0.416043221950531,0.3617739677429199
SB_FR_0559,0,1,0.12325815111398697,0.37225762009620667,0.39568769931793213
SB_FR_0560,4,3,0.20605650544166565,0.4324050843715668,0.46230459213256836
SB_FR_0561,0,0,0.14810889959335327,0.40562522411346436,0.3547188341617584
SB_FR_0562,3,3,0.15937115252017975,0.41084691882133484,0.4195440411567688
SB_FR_0563,1,0,0.16669961810112,0.38771867752075195,0.33261504769325256
SB_FR_0564,1,0,0.12339609116315842,0.4144130349159241,0.35530391335487366
SB_FR_0565,3,2,0.12445521354675293,0.46334511041641235,0.3416742980480194
SB_FR_0566,0,3,0.14215536415576935,0.44338175654411316,0.4085456430912018
SB_FR_0567,4,0,0.1356644630432129,0.4036460220813751,0.35226356983184814
SB_FR_0568,3,0,0.1742241084575653,0.38879573345184326,0.3664805591106415
SB_FR_0569,1,2,0.14106883108615875,0.4613560140132904,0.3910801112651825
SB_FR_0570,0,3,0.15162961184978485,0.44330552220344543,0.4056738018989563
SB_FR_0571,0,0,0.16379593312740326,0.38093650341033936,0.314165323972702
SB_FR_0572,1,2,0.1880999058485031,0.5184033513069153,0.37342026829719543
SB_FR_0573,1,3,0.19323544204235077,0.49549657106399536,0.4885242283344269
SB_FR_0575,1,3,0.0948142483830452,0.38562360405921936,0.3966929614543915
SB_FR_0576,0,2,0.1515132188796997,0.47691014409065247,0.394870787858963
SB_FR_0578,2,0,0.11200019717216492,0.4075881838798523,0.3632119596004486
SB_FR_0580,1,1,0.16227053105831146,0.2862180769443512,0.3667544722557068
SB_FR_0581,3,1,0.161184161901474,0.3283486068248749,0.35328006744384766
SB_FR_0583,3,1,0.17784260213375092,0.34594598412513733,0.3202018439769745
SB_FR_0584,1,0,0.1592215597629547,0.3692736029624939,0.22069884836673737
SB_FR_0585,1,3,0.1552169919013977,0.4683181941509247,0.41766709089279175
SB_FR_0587,3,2,0.13069674372673035,0.4661639928817749,0.3818255364894867
SB_FR_0589,4,0,0.1328832060098648,0.3912982642650604,0.3614415228366852
SB_FR_0590,0,3,0.11298540979623795,0.4583396017551422,0.44987568259239197
SB_FR_0591,4,1,0.17508213222026825,0.3663274347782135,0.3694295585155487
SB_FR_0592,0,4,0.275154709815979,0.46954432129859924,0.41012075543403625
SB_FR_0593,0,1,0.14786581695079803,0.3399926424026489,0.35832059383392334
SB_FR_0594,0,2,0.17188847064971924,0.45867788791656494,0.25269514322280884
SB_FR_0595,0,1,0.16531193256378174,0.37348780035972595,0.43877333402633667
SB_FR_0596,4,0,0.17636922001838684,0.4238254725933075,0.38407662510871887
SB_FR_0597,1,3,0.17391303181648254,0.46709439158439636,0.45808252692222595
SB_FR_0598,3,3,0.13224616646766663,0.4738650619983673,0.42400792241096497
SB_FR_0599,3,2,0.17811566591262817,0.4639918804168701,0.4020227789878845
SB_FR_0600,3,1,0.15917205810546875,0.3744587302207947,0.38786032795906067
SB_FR_0602,0,3,0.10939224064350128,0.3991074860095978,0.4624056816101074
SB_FR_0603,4,0,0.17536529898643494,0.3935999870300293,0.37718716263771057
SB_FR_0604,1,0,0.14640818536281586,0.3970397114753723,0.34305763244628906
SB_FR_0605,3,1,0.12666110694408417,0.35104501247406006,0.3746088147163391
SB_FR_0607,4,2,0.13081838190555573,0.45534175634384155,0.367466002702713
SB_FR_0608,4,0,0.14999783039093018,0.4194823205471039,0.38031402230262756
SB_FR_0609,0,0,0.18987232446670532,0.4145294427871704,0.3154032826423645
SB_FR_0610,3,0,0.12350089848041534,0.39606282114982605,0.3170390725135803
SB_FR_0611,4,0,0.19110938906669617,0.4164171516895294,0.3690970540046692
SB_FR_0612,2,4,0.2059055119752884,0.4750595986843109,0.29952457547187805
SB_FR_0613,0,0,0.1501651555299759,0.381680428981781,0.2910473942756653
SB_FR_0614,0,3,0.1618639975786209,0.45667487382888794,0.4139653444290161
SB_FR_0615,4,0,0.15448346734046936,0.43662747740745544,0.29494708776474
SB_FR_0616,1,0,0.11646095663309097,0.3734948933124542,0.36202144622802734
SB_FR_0617,1,4,0.2281622290611267,0.42343831062316895,0.31098148226737976
SB_FR_0618,3,2,0.1690869778394699,0.45931336283683777,0.39636731147766113
SB_FR_0619,1,1,0.14726456999778748,0.3289667069911957,0.4054703712463379
SB_FR_0620,1,0,0.18966016173362732,0.39163002371788025,0.37320131063461304
SB_FR_0621,3,1,0.167247012257576,0.361157089471817,0.34338995814323425
SB_FR_0622,4,2,0.14665867388248444,0.5674481391906738,0.3825036287307739
SB_FR_0623,3,0,0.12009602785110474,0.4028570353984833,0.2657710313796997
SB_FR_0624,3,2,0.14077220857143402,0.5179482102394104,0.3286118507385254
SB_FR_0625,4,2,0.12026738375425339,0.4879794120788574,0.39131098985671997
SB_FR_0626,2,4,0.201804056763649,0.4663758873939514,0.3186168968677521
SB_FR_0627,1,3,0.126126229763031,0.43679124116897583,0.3989785313606262
SB_FR_0628,0,3,0.1338678002357483,0.39120975136756897,0.4257042407989502
SB_FR_0629,4,3,0.13846108317375183,0.4339044690132141,0.4212668538093567
SB_FR_0630,3,0,0.1716153770685196,0.4116709232330322,0.354143887758255
SB_FR_0631,0,2,0.10960809886455536,0.5408841967582703,0.4444560110569
SB_FR_0632,4,2,0.18528355658054352,0.49234557151794434,0.3785499632358551
SB_FR_0633,0,3,0.12760181725025177,0.47618016600608826,0.46830523014068604
SB_FR_0634,0,3,0.1543576717376709,0.44523000717163086,0.4149179756641388
SB_FR_0635,4,2,0.1327715814113617,0.5186382532119751,0.4397311806678772
SB_FR_0636,1,2,0.11954604089260101,0.5006357431411743,0.37526530027389526
SB_FR_0637,0,2,0.22893469035625458,0.5447231531143188,0.32193201780319214
SB_FR_0638,0,1,0.17232273519039154,0.40460607409477234,0.4097495377063751
SB_FR_0639,2,1,0.1504577398300171,0.38403430581092834,0.4452534317970276
SB_FR_0640,3,2,0.12775090336799622,0.46701306104660034,0.3856148421764374
SB_FR_0641,1,1,0.15726147592067719,0.2738231122493744,0.3374922275543213
SB_FR_0642,3,1,0.18556693196296692,0.3306538164615631,0.42515042424201965
SB_FR_0643,4,0,0.1845674365758896,0.3968070447444916,0.2929202616214752
SB_FR_0644,0,3,0.17108875513076782,0.4624333381652832,0.42533639073371887
SB_FR_0645,1,0,0.13748878240585327,0.3926452100276947,0.30790266394615173
SB_FR_0646,1,4,0.2365749180316925,0.48627740144729614,0.3069963753223419
SB_FR_0647,0,0,0.170564666390419,0.40184617042541504,0.3017042279243469
SB_FR_0648,0,4,0.2946486473083496,0.463340163230896,0.25694599747657776
SB_FR_0649,0,0,0.1838512420654297,0.4083164930343628,0.33912044763565063
SB_FR_0650,1,2,0.14554432034492493,0.47806963324546814,0.37263888120651245
SB_FR_0651,1,0,0.1583937257528305,0.4295523166656494,0.36835864186286926
SB_FR_0652,2,2,0.17491601407527924,0.5404831171035767,0.4296514093875885
SB_FR_0653,2,3,0.15929943323135376,0.49105915427207947,0.46449917554855347
SB_FR_0654,0,3,0.12615977227687836,0.46832582354545593,0.4222992956638336
SB_FR_0655,0,2,0.16759496927261353,0.5030677318572998,0.36015909910202026
SB_FR_0656,1,0,0.15476684272289276,0.3507833778858185,0.2728232741355896
SB_FR_0657,2,1,0.15210075676441193,0.31977152824401855,0.3814510405063629
SB_FR_0658,4,3,0.2246667742729187,0.4831295907497406,0.49011528491973877
SB_FR_0659,2,4,0.2033354789018631,0.3945634067058563,0.2482915073633194
SB_FR_0660,1,2,0.18662938475608826,0.4713563323020935,0.37277331948280334
SB_FR_0661,4,0,0.1744573563337326,0.4295516908168793,0.3559890687465668
SB_FR_0662,1,4,0.198449969291687,0.43741464614868164,0.27137550711631775
SB_FR_0663,0,2,0.13202010095119476,0.503745436668396,0.3927973508834839
SB_FR_0664,3,0,0.16429801285266876,0.41815194487571716,0.3442345857620239
SB_FR_0665,0,0,0.18570257723331451,0.3921828866004944,0.3599269986152649
SB_FR_0666,0,2,0.16885624825954437,0.45435306429862976,0.2818053066730499
SB_FR_0667,0,0,0.1636609435081482,0.3300964832305908,0.25791946053504944
SB_FR_0668,3,0,0.15857261419296265,0.3850245475769043,0.3358302414417267
SB_FR_0669,0,2,0.11672424525022507,0.46901530027389526,0.29805445671081543
SB_FR_0670,0,0,0.15180900692939758,0.3820788562297821,0.3120691776275635
SB_FR_0671,1,4,0.2154139280319214,0.3684443235397339,0.28548479080200195
SB_FR_0672,0,2,0.11789585649967194,0.4935552775859833,0.35349997878074646
SB_FR_0673,3,2,0.20056724548339844,0.48584747314453125,0.31977778673171997
SB_FR_0674,3,0,0.12206778675317764,0.3780207931995392,0.26514866948127747
SB_FR_0675,0,3,0.12719254195690155,0.4095989167690277,0.45109209418296814
SB_FR_0676,3,2,0.136396124958992,0.529256284236908,0.3155876398086548
SB_FR_0677,4,0,0.12004350125789642,0.32195350527763367,0.2612500786781311
SB_FR_0678,0,2,0.13375912606716156,0.45019030570983887,0.31806278228759766
SB_FR_0679,0,1,0.16710098087787628,0.3350854516029358,0.34717491269111633
SB_FR_0680,4,3,0.14173127710819244,0.48947542905807495,0.43012484908103943
SB_FR_0681,0,2,0.12578411400318146,0.49438944458961487,0.3658597767353058
SB_FR_0682,4,3,0.16181695461273193,0.4035298228263855,0.4312627613544464
SB_FR_0683,0,0,0.14890868961811066,0.40677937865257263,0.3701045513153076
SB_FR_0684,1,3,0.14212743937969208,0.41474124789237976,0.4007933437824249
SB_FR_0685,1,0,0.1798369139432907,0.42892783880233765,0.31576475501060486
SB_FR_0686,0,2,0.1653914898633957,0.47444868087768555,0.4068603217601776
SB_FR_0687,0,4,0.22119145095348358,0.38663041591644287,0.2481454461812973
SB_FR_0688,1,2,0.1275947242975235,0.4823471009731293,0.3793424367904663
SB_FR_0689,1,0,0.13510270416736603,0.3843780755996704,0.3532639741897583
SB_FR_0690,3,0,0.16850368678569794,0.4420156180858612,0.315679132938385
SB_FR_0691,4,0,0.18111422657966614,0.3980146050453186,0.2821498513221741
SB_FR_0692,3,4,0.21993474662303925,0.5035285949707031,0.26401272416114807
SB_FR_0693,0,2,0.14764118194580078,0.4819194972515106,0.3872998356819153
SB_FR_0694,4,0,0.14422392845153809,0.42844387888908386,0.3182376027107239
SB_FR_0695,1,2,0.2312915176153183,0.5445557236671448,0.3380993604660034
SB_FR_0696,2,4,0.2306833118200302,0.4366985559463501,0.4027971029281616
SB_FR_0697,1,3,0.11733079701662064,0.47218406200408936,0.4407420754432678
SB_FR_0698,1,4,0.190993532538414,0.40624940395355225,0.28152889013290405
SB_FR_0699,0,2,0.1857726126909256,0.514809250831604,0.4213784337043762
SB_FR_0700,2,0,0.1577381193637848,0.40331095457077026,0.33836331963539124
SB_FR_0701,0,1,0.1682272106409073,0.3521004617214203,0.3436574935913086
SB_FR_0702,2,0,0.15940609574317932,0.4088630974292755,0.3204161524772644
SB_FR_0703,4,0,0.1743907481431961,0.4334952235221863,0.37079209089279175
SB_FR_0704,1,4,0.32022207975387573,0.40686509013175964,0.3280010223388672
SB_FR_0705,0,3,0.161806121468544,0.5064342617988586,0.4741874933242798
SB_FR_0706,4,2,0.1626472771167755,0.47783297300338745,0.40278613567352295
SB_FR_0707,3,2,0.1507597267627716,0.49035999178886414,0.34349027276039124
SB_FR_0708,4,2,0.13389961421489716,0.4384619891643524,0.3261133134365082
SB_FR_0709,4,2,0.16447564959526062,0.5411004424095154,0.3195549249649048
SB_FR_0710,4,4,0.2534218728542328,0.4610693156719208,0.21713078022003174
SB_FR_0713,1,2,0.15719905495643616,0.4924389123916626,0.3325643241405487
SB_FR_0714,0,4,0.21683867275714874,0.4268169701099396,0.35727348923683167
SB_FR_0716,1,1,0.12910419702529907,0.33099257946014404,0.34405550360679626
SB_FR_0717,0,3,0.15888752043247223,0.4517901539802551,0.4073190689086914
SB_FR_0718,3,3,0.1287071853876114,0.4406322240829468,0.4058990776538849
SB_FR_0719,0,2,0.19548672437667847,0.4911150634288788,0.2832253873348236
SB_FR_0720,3,0,0.11354122310876846,0.39287900924682617,0.38047799468040466
SB_FR_0721,1,2,0.1092948168516159,0.4245370626449585,0.3019462823867798
SB_FR_0722,4,2,0.11202676594257355,0.49022871255874634,0.3921746015548706
SB_FR_0723,1,0,0.12388046830892563,0.4015510082244873,0.3251502513885498
SB_FR_0724,3,1,0.12478078901767731,0.3160199820995331,0.38833701610565186
SB_FR_0725,3,3,0.11591623723506927,0.41082507371902466,0.39740854501724243
SB_FR_0726,3,1,0.11588206887245178,0.3695002496242523,0.4074416160583496
SB_FR_0727,3,1,0.15889029204845428,0.27123886346817017,0.4171040952205658
SB_FR_0728,4,4,0.2200493961572647,0.4461037218570709,0.3031993508338928
SB_FR_0729,3,0,0.17674171924591064,0.3721939027309418,0.2907322347164154
SB_FR_0730,0,4,0.20690229535102844,0.4027373790740967,0.3042708933353424
SB_FR_0731,0,0,0.12309584021568298,0.3518291413784027,0.22201713919639587
SB_FR_0732,1,0,0.18052329123020172,0.35966286063194275,0.30914732813835144
SB_FR_0733,3,0,0.15107248723506927,0.3810472786426544,0.3561331033706665
SB_FR_0734,1,3,0.11689191311597824,0.4857769310474396,0.46542543172836304
SB_FR_0735,0,4,0.19562485814094543,0.45042508840560913,0.3059701919555664
SB_FR_0736,2,0,0.16172878444194794,0.3915732204914093,0.31609705090522766
SB_FR_0737,1,4,0.21104082465171814,0.4229312241077423,0.28475990891456604
SB_FR_0738,1,0,0.13154427707195282,0.370764821767807,0.3354291021823883
SB_FR_0739,0,3,0.16605839133262634,0.42400023341178894,0.42011263966560364
SB_FR_0740,0,0,0.15623700618743896,0.4142785966396332,0.3725687563419342
SB_FR_0741,1,0,0.1522941142320633,0.4030816853046417,0.3253729045391083
SB_FR_0742,0,1,0.147768035531044,0.34326767921447754,0.3689059615135193
SB_FR_0743,1,0,0.11869102716445923,0.37999483942985535,0.3193957805633545
SB_FR_0744,4,0,0.18254539370536804,0.4061698019504547,0.3219608962535858
SB_FR_0745,1,2,0.18310216069221497,0.510558545589447,0.3543037474155426
SB_FR_0746,4,0,0.13521721959114075,0.3849722743034363,0.2632612884044647
SB_FR_0747,1,0,0.1571119874715805,0.43044716119766235,0.3825725317001343
SB_FR_0748,1,4,0.22593584656715393,0.4279296398162842,0.28494906425476074
SB_FR_0749,0,1,0.11523973941802979,0.320603609085083,0.37033742666244507
SB_FR_0750,2,4,0.1976953148841858,0.37056443095207214,0.30773869156837463
SB_FR_0751,3,1,0.16443035006523132,0.3406491279602051,0.3339877426624298
SB_FR_0752,0,4,0.26046276092529297,0.4375327229499817,0.4174690544605255
SB_FR_0753,0,3,0.12328799068927765,0.48012033104896545,0.43992725014686584
SB_FR_0754,1,4,0.18975509703159332,0.4410610795021057,0.2820497453212738
SB_FR_0755,1,2,0.1558614820241928,0.4669724404811859,0.3892875909805298
SB_FR_0756,0,0,0.1254727989435196,0.4003351926803589,0.36493203043937683
SB_FR_0757,1,4,0.2081228643655777,0.4086521565914154,0.3118118643760681
SB_FR_0758,1,0,0.16700303554534912,0.43513816595077515,0.30835095047950745
SB_FR_0759,1,2,0.15104646980762482,0.48830050230026245,0.4197764992713928
SB_FR_0760,0,1,0.13823288679122925,0.32306092977523804,0.28788307309150696
SB_FR_0761,3,0,0.1091836541891098,0.41065046191215515,0.3582022786140442
SB_FR_0762,0,3,0.1587255597114563,0.44291403889656067,0.412207692861557
SB_FR_0763,0,2,0.11350535601377487,0.46346330642700195,0.3432847559452057
SB_FR_0764,3,1,0.12147985398769379,0.3330326974391937,0.437519907951355
SB_FR_0765,4,0,0.15541042387485504,0.4163285195827484,0.3738155961036682
SB_FR_0766,4,0,0.19490306079387665,0.38927605748176575,0.31709080934524536
SB_FR_0767,2,2,0.17987556755542755,0.45575064420700073,0.3597756624221802
SB_FR_0768,0,0,0.12129179388284683,0.3945591151714325,0.3836234509944916
SB_FR_0769,4,1,0.16853030025959015,0.3713115453720093,0.3742525279521942
SB_FR_0770,0,0,0.1638563722372055,0.40576687455177307,0.35435566306114197
SB_FR_0771,0,0,0.1781870275735855,0.40831542015075684,0.3703264594078064
SB_FR_0772,3,0,0.16035714745521545,0.41616177558898926,0.35551297664642334
SB_FR_0773,0,4,0.278976708650589,0.46662411093711853,0.2514066696166992
SB_FR_0774,0,0,0.16316646337509155,0.4295964539051056,0.30113062262535095
SB_FR_0775,3,2,0.15808622539043427,0.5299816727638245,0.38243046402931213
SB_FR_0776,4,0,0.12392871081829071,0.384487122297287,0.3731217682361603
SB_FR_0777,0,0,0.15889164805412292,0.40236520767211914,0.3812679648399353
SB_FR_0778,3,2,0.1858084350824356,0.48511698842048645,0.3323681652545929
SB_FR_0779,0,0,0.1254769116640091,0.37027308344841003,0.34027084708213806
SB_FR_0780,0,2,0.13260729610919952,0.45385077595710754,0.38636237382888794
SB_FR_0781,4,0,0.16492465138435364,0.39951571822166443,0.30949166417121887
SB_FR_0782,0,0,0.14265474677085876,0.432023823261261,0.3273923695087433
SB_FR_0784,3,3,0.15357638895511627,0.4603222608566284,0.4468332529067993
SB_FR_0785,4,0,0.16465674340724945,0.4144635796546936,0.34495946764945984
SB_FR_0786,0,1,0.13083460927009583,0.3437432050704956,0.35069021582603455
SB_FR_0787,4,3,0.1551041305065155,0.4826793074607849,0.4233124852180481
SB_FR_0788,1,0,0.1148504987359047,0.4007364809513092,0.2501145303249359
SB_FR_0789,0,1,0.13033375144004822,0.31486451625823975,0.31853175163269043
SB_FR_0790,3,1,0.11788708716630936,0.2873985171318054,0.2797049582004547
SB_FR_0791,3,2,0.1586722731590271,0.48532187938690186,0.37120962142944336
SB_FR_0792,0,2,0.15822851657867432,0.4657595753669739,0.3699399530887604
SB_FR_0793,1,3,0.16281160712242126,0.45136985182762146,0.4019617438316345
SB_FR_0794,1,3,0.15267091989517212,0.4774952232837677,0.45495954155921936
SB_FR_0795,1,1,0.15139596164226532,0.35519394278526306,0.4051738977432251
SB_FR_0796,2,1,0.12231052666902542,0.30561184883117676,0.25452300906181335
SB_FR_0797,4,1,0.14265857636928558,0.28104254603385925,0.32344818115234375
SB_FR_0798,1,1,0.1544283628463745,0.33255627751350403,0.4373781979084015
SB_FR_0799,0,1,0.12107253074645996,0.33558979630470276,0.3248065412044525
SB_FR_0800,1,1,0.15253962576389313,0.3358501195907593,0.3390580117702484
SB_FR_0801,1,0,0.1927032321691513,0.41557177901268005,0.39728716015815735
SB_FR_0802,0,0,0.13496798276901245,0.3164908289909363,0.2438570261001587
SB_FR_0803,0,2,0.1742362082004547,0.46981844305992126,0.35111966729164124
SB_FR_0804,1,1,0.1349305659532547,0.3005928099155426,0.4279146194458008
SB_FR_0805,4,4,0.21098452806472778,0.3663671314716339,0.32444775104522705
SB_FR_0806,0,2,0.14403016865253448,0.47908082604408264,0.33824247121810913
SB_FR_0807,1,0,0.17349885404109955,0.3996923863887787,0.2427629977464676
SB_FR_0808,1,2,0.13204851746559143,0.4782034158706665,0.3946787714958191
SB_FR_0809,3,4,0.234414741396904,0.349258154630661,0.29018259048461914
SB_FR_0810,1,1,0.10924848914146423,0.2902309000492096,0.370341032743454
SB_FR_0811,2,1,0.12358944863080978,0.3695577383041382,0.4377073347568512
SB_FR_0812,1,3,0.1351514458656311,0.39859431982040405,0.4081510901451111
SB_FR_0813,1,1,0.18126201629638672,0.3541039526462555,0.3200482428073883
SB_FR_0814,1,2,0.14038126170635223,0.48002058267593384,0.269546240568161
SB_FR_0815,1,3,0.15349864959716797,0.45964205265045166,0.46232712268829346
SB_FR_0816,4,4,0.2906792163848877,0.4028753936290741,0.37852728366851807
SB_FR_0817,1,3,0.10443992912769318,0.4772530794143677,0.530653178691864
SB_FR_0818,1,4,0.29196426272392273,0.4775494635105133,0.4185538589954376
SB_FR_0819,2,3,0.1335533708333969,0.487657755613327,0.4383382797241211
SB_FR_0820,0,3,0.15830042958259583,0.506510853767395,0.49264946579933167
SB_FR_0821,1,3,0.17404471337795258,0.4802754819393158,0.41919153928756714
SB_FR_0822,0,1,0.125435933470726,0.3873514235019684,0.4042605757713318
SB_FR_0823,4,3,0.15719251334667206,0.45182856917381287,0.4266698956489563
SB_FR_0824,1,0,0.17079459130764008,0.41670477390289307,0.3732437789440155
SB_FR_0825,1,0,0.18033628165721893,0.4246220588684082,0.35484054684638977
SB_FR_0826,4,0,0.17205849289894104,0.44242939352989197,0.32918503880500793
SB_FR_0827,1,2,0.22470977902412415,0.5850957632064819,0.4856984615325928
SB_FR_0828,1,3,0.18339885771274567,0.47691842913627625,0.4327012002468109
SB_FR_0829,1,2,0.10958969593048096,0.47542986273765564,0.39069321751594543
SB_FR_0830,0,2,0.15385913848876953,0.524671196937561,0.400611937046051
SB_FR_0831,1,2,0.1709916740655899,0.4567757248878479,0.27266332507133484
SB_FR_0832,3,0,0.16575701534748077,0.4144030213356018,0.33410465717315674
SB_FR_0833,4,1,0.1280929446220398,0.3252542018890381,0.46715208888053894
SB_FR_0834,1,4,0.25280964374542236,0.41776102781295776,0.3402690589427948
SB_FR_0835,1,0,0.16748575866222382,0.4448327422142029,0.3475964069366455
SB_FR_0836,4,2,0.15167434513568878,0.4748104512691498,0.37562480568885803
SB_FR_0837,1,2,0.15340417623519897,0.4623040556907654,0.3966944217681885
SB_FR_0838,2,3,0.14057932794094086,0.4527187943458557,0.39992010593414307
SB_FR_0839,0,0,0.15484768152236938,0.3725626468658447,0.2508445382118225
SB_FR_0840,2,4,0.239889457821846,0.44161874055862427,0.38487696647644043
SB_FR_0841,2,4,0.23115642368793488,0.42307135462760925,0.2923041582107544
SB_FR_0842,4,0,0.13096915185451508,0.42070913314819336,0.32113271951675415
SB_FR_0843,3,2,0.17843352258205414,0.47106170654296875,0.3245922923088074
SB_FR_0844,0,0,0.12205309420824051,0.4269953668117523,0.3569248616695404
SB_FR_0845,1,0,0.1459653079509735,0.39634570479393005,0.27885356545448303
SB_FR_0846,1,0,0.17720240354537964,0.39343446493148804,0.29174432158470154
SB_FR_0847,4,0,0.13359785079956055,0.38681504130363464,0.2778904139995575
SB_FR_0848,1,0,0.1240658313035965,0.38467004895210266,0.3481050431728363
SB_FR_0849,0,2,0.14220653474330902,0.4765828847885132,0.34738221764564514
SB_FR_0850,1,4,0.19667989015579224,0.43193331360816956,0.336116760969162
SB_FR_0851,3,2,0.13046979904174805,0.4467358887195587,0.38912540674209595
SB_FR_0852,1,0,0.13665606081485748,0.4333997070789337,0.34747758507728577
SB_FR_0853,3,0,0.14502137899398804,0.42582327127456665,0.28138267993927
SB_FR_0854,4,4,0.22485707700252533,0.4597947299480438,0.40543144941329956
SB_FR_0855,0,2,0.15048551559448242,0.46669358015060425,0.3495100438594818
SB_FR_0856,1,0,0.18443238735198975,0.4111754298210144,0.30899372696876526
SB_FR_0857,1,0,0.1255868375301361,0.37145572900772095,0.3111974596977234
SB_FR_0858,3,2,0.12027439475059509,0.46507692337036133,0.3544456362724304
SB_FR_0859,2,1,0.11947543174028397,0.33359983563423157,0.36617809534072876
SB_FR_0860,0,2,0.14546456933021545,0.5077164769172668,0.3418986201286316
SB_FR_0861,1,3,0.1797930747270584,0.4761262536048889,0.41497892141342163
SB_FR_0862,0,2,0.18252959847450256,0.48812994360923767,0.3725467324256897
SB_FR_0863,4,3,0.1542874127626419,0.476483017206192,0.4297120273113251
SB_FR_0864,1,1,0.13724713027477264,0.37759220600128174,0.3819948434829712
SB_FR_0866,1,4,0.23323774337768555,0.4582217335700989,0.30284836888313293
SB_FR_0867,0,0,0.13241565227508545,0.3776955306529999,0.32766106724739075
SB_FR_0868,1,3,0.11821340024471283,0.4037562310695648,0.40714260935783386
SB_FR_0869,1,2,0.1117851585149765,0.497450590133667,0.38649019598960876
SB_FR_0870,2,1,0.17669393122196198,0.3326193690299988,0.2894717752933502
SB_FR_0871,0,0,0.1426299661397934,0.43182140588760376,0.3736521005630493
SB_FR_0872,0,0,0.14321546256542206,0.3605935275554657,0.29666879773139954
SB_FR_0873,0,1,0.13333681225776672,0.3638019561767578,0.3467439115047455
SB_FR_0874,1,2,0.13180050253868103,0.4958159923553467,0.3848003149032593
SB_FR_0875,3,0,0.12684273719787598,0.4301930367946625,0.35156747698783875
SB_FR_0877,4,1,0.1152878999710083,0.29893821477890015,0.33351820707321167
SB_FR_0879,4,4,0.21520540118217468,0.3695712685585022,0.3016817569732666
SB_FR_0880,0,2,0.17565283179283142,0.47295573353767395,0.3683485984802246
SB_FR_0881,1,4,0.20877225697040558,0.448494017124176,0.2629707455635071
SB_FR_0882,0,0,0.15282267332077026,0.3823932409286499,0.30408352613449097
SB_FR_0883,1,1,0.10772259533405304,0.26666298508644104,0.34757569432258606
SB_FR_0884,0,1,0.10999225825071335,0.35340118408203125,0.3443129360675812
SB_FR_0885,1,2,0.16210304200649261,0.4493061602115631,0.3692537248134613
SB_FR_0886,4,0,0.13703329861164093,0.4216073453426361,0.30318766832351685
SB_FR_0887,1,2,0.12886513769626617,0.45236876606941223,0.35513535141944885
SB_FR_0888,0,2,0.13750363886356354,0.5044852495193481,0.37882012128829956
SB_FR_0889,4,2,0.17592258751392365,0.47565555572509766,0.399993360042572
SB_FR_0890,4,2,0.12092278152704239,0.4548836648464203,0.33914467692375183
SB_FR_0891,2,0,0.17048093676567078,0.43504154682159424,0.34439054131507874
SB_FR_0892,1,3,0.1433282047510147,0.47152575850486755,0.43239861726760864
SB_FR_0893,0,0,0.1328924149274826,0.40818288922309875,0.30293136835098267
SB_FR_0894,0,2,0.09280312061309814,0.48528456687927246,0.34595897793769836
SB_FR_0895,0,0,0.13544028997421265,0.40371018648147583,0.28745147585868835
SB_FR_0896,2,4,0.19527003169059753,0.44797030091285706,0.3475189208984375
SB_FR_0897,3,0,0.1713588386774063,0.32130759954452515,0.24948418140411377
SB_FR_0898,0,0,0.15802742540836334,0.4128449559211731,0.29337838292121887
SB_FR_0899,1,0,0.13666294515132904,0.3942561447620392,0.296220600605011
SB_FR_0900,2,2,0.14387792348861694,0.4615069031715393,0.3642759919166565
SB_FR_0901,0,1,0.1373731791973114,0.3618622124195099,0.38458290696144104
SB_FR_0902,4,0,0.18733353912830353,0.41666385531425476,0.31737565994262695
SB_FR_0903,1,0,0.14125867187976837,0.39236658811569214,0.31589949131011963
SB_FR_0905,0,1,0.1742236614227295,0.3863847851753235,0.37630391120910645
SB_FR_0906,2,4,0.25586146116256714,0.47284746170043945,0.34885650873184204
SB_FR_0907,4,0,0.180226668715477,0.3716740012168884,0.3132425546646118
SB_FR_0908,0,3,0.1570587456226349,0.4233165383338928,0.47103145718574524
SB_FR_0909,4,2,0.12722446024417877,0.4998065233230591,0.4324449300765991
SB_FR_0910,0,4,0.25189560651779175,0.43234843015670776,0.33514711260795593
SB_FR_0911,0,0,0.15017718076705933,0.3406625986099243,0.2730932831764221
SB_FR_0912,0,2,0.171653613448143,0.4495149254798889,0.2900846600532532
SB_FR_0913,1,3,0.1597510129213333,0.45465144515037537,0.3988826274871826
SB_FR_0914,1,4,0.25000911951065063,0.40527698397636414,0.3124195337295532
SB_FR_0915,4,2,0.14386297762393951,0.4780708849430084,0.3406018614768982
SB_FR_0916,0,2,0.18120025098323822,0.49675804376602173,0.40526625514030457
SB_FR_0917,4,2,0.16338761150836945,0.4786338210105896,0.37464639544487
SB_FR_0918,1,0,0.1669994592666626,0.43329527974128723,0.33229029178619385
SB_FR_0919,0,2,0.17608170211315155,0.4773748815059662,0.38020938634872437
SB_FR_0920,4,2,0.13913017511367798,0.5021167993545532,0.3864717483520508
SB_FR_0921,1,4,0.25184011459350586,0.3374567925930023,0.310450941324234
SB_FR_0922,3,3,0.1547938585281372,0.4234277009963989,0.4171393811702728
SB_FR_0923,0,0,0.18223492801189423,0.4203745722770691,0.27172043919563293
SB_FR_0924,0,4,0.20363634824752808,0.4066162109375,0.30482250452041626
SB_FR_0925,4,4,0.23211953043937683,0.41929101943969727,0.3197854161262512
SB_FR_0928,3,3,0.11834891885519028,0.47555866837501526,0.47465047240257263
SB_FR_0929,2,0,0.1466386616230011,0.4313713312149048,0.3080979287624359
SB_FR_0930,1,1,0.12929318845272064,0.3203437328338623,0.2970413863658905
SB_FR_0931,4,4,0.21789805591106415,0.3653305470943451,0.31190934777259827
SB_FR_0932,4,1,0.1729973703622818,0.3037784695625305,0.25901201367378235
SB_FR_0933,1,0,0.19361469149589539,0.41041746735572815,0.36597907543182373
SB_FR_0934,1,0,0.12288423627614975,0.4217073619365692,0.35040029883384705
SB_FR_0935,1,0,0.15331776440143585,0.3937748968601227,0.2690494656562805
SB_FR_0936,2,0,0.16968271136283875,0.3910266160964966,0.3342076539993286
SB_FR_0937,4,2,0.15913592278957367,0.46602681279182434,0.34572523832321167
SB_FR_0938,3,0,0.11717647314071655,0.36003661155700684,0.32738882303237915
SB_FR_0939,1,2,0.17470833659172058,0.46982792019844055,0.2927807867527008
SB_FR_0940,3,2,0.13527889549732208,0.49049893021583557,0.3412292003631592
SB_FR_0941,1,2,0.1829962283372879,0.5121937990188599,0.4272798001766205
SB_FR_0942,4,0,0.14977626502513885,0.37850669026374817,0.3069363236427307
SB_FR_0943,3,2,0.1407708078622818,0.5027002692222595,0.34083858132362366
SB_FR_0944,2,2,0.12543684244155884,0.44025567173957825,0.328077107667923
SB_FR_0945,1,4,0.2380346655845642,0.35964125394821167,0.29200711846351624
SB_FR_0946,0,0,0.16797558963298798,0.3994009494781494,0.29970109462738037
SB_FR_0947,4,0,0.17122182250022888,0.4204065501689911,0.3896905481815338
SB_FR_0948,3,0,0.10751277953386307,0.361182302236557,0.28692516684532166
SB_FR_0949,1,0,0.1422244906425476,0.37541496753692627,0.34760919213294983
SB_FR_0950,1,0,0.14651496708393097,0.3847537040710449,0.3224903643131256
SB_FR_0951,4,0,0.17406649887561798,0.4067513346672058,0.4071475565433502
SB_FR_0952,1,2,0.1591486781835556,0.4948498010635376,0.3570725917816162
SB_FR_0953,0,0,0.16582629084587097,0.41159793734550476,0.36139968037605286
SB_FR_0954,3,4,0.2054307460784912,0.43015581369400024,0.4165314733982086
SB_FR_0955,4,0,0.18294955790042877,0.3748527467250824,0.3267239034175873
SB_FR_0956,1,0,0.18310515582561493,0.4367453157901764,0.33628785610198975
SB_FR_0957,4,0,0.16230717301368713,0.4048265814781189,0.33116796612739563
SB_FR_0958,3,0,0.13779553771018982,0.39325594902038574,0.2837854325771332
SB_FR_0959,1,2,0.10545782744884491,0.4807714521884918,0.31070801615715027
SB_FR_0961,1,2,0.12836574018001556,0.43430766463279724,0.30978965759277344
SB_FR_0962,2,1,0.18360896408557892,0.3636772930622101,0.3318954408168793
SB_FR_0963,0,0,0.11644298583269119,0.3884473443031311,0.28287914395332336
SB_FR_0964,4,0,0.18276140093803406,0.44469118118286133,0.2673260271549225
SB_FR_0965,2,0,0.14122501015663147,0.3878505825996399,0.36409616470336914
SB_FR_0966,1,0,0.14521095156669617,0.37570270895957947,0.2950586676597595
SB_FR_0969,4,2,0.11632458120584488,0.47422605752944946,0.2941010594367981
SB_FR_0970,4,4,0.20253650844097137,0.43397006392478943,0.40281322598457336
SB_FR_0971,4,3,0.13617216050624847,0.44828560948371887,0.4080207943916321
SB_FR_0972,1,4,0.24433477222919464,0.47556930780410767,0.39811792969703674
SB_FR_0973,2,0,0.16498279571533203,0.4092988967895508,0.37990492582321167
SB_FR_0974,0,1,0.1287594586610794,0.3199269771575928,0.37651801109313965
SB_FR_0976,3,0,0.14953961968421936,0.3507090210914612,0.27859413623809814
SB_FR_0977,4,0,0.15827015042304993,0.4378696382045746,0.29798638820648193
SB_FR_0978,0,3,0.1247820109128952,0.39585626125335693,0.397426962852478
SB_FR_0980,2,0,0.1622800976037979,0.39968034625053406,0.3408578634262085
SB_FR_0981,1,3,0.17863188683986664,0.46904802322387695,0.41159242391586304
SB_FR_0982,3,1,0.15115834772586823,0.3581104576587677,0.3495156168937683
SB_FR_0983,1,2,0.1514609456062317,0.44600799679756165,0.3341733515262604
SB_FR_0984,4,0,0.16848109662532806,0.4244369864463806,0.3191233277320862
SB_FR_0985,1,2,0.13147982954978943,0.47127866744995117,0.3844137489795685
SB_FR_0986,1,2,0.12356724590063095,0.43868228793144226,0.318586528301239
SB_FR_0989,4,0,0.15113778412342072,0.38259923458099365,0.3028295934200287
SB_FR_0990,3,0,0.14084480702877045,0.39327287673950195,0.33532795310020447
SB_FR_0991,1,0,0.11453181505203247,0.4044114053249359,0.2817944586277008
SB_FR_0993,0,2,0.17593169212341309,0.4710279107093811,0.3250662684440613
SB_FR_0994,4,2,0.19338145852088928,0.5241808891296387,0.3319910764694214
SB_FR_0995,3,4,0.21920445561408997,0.46240541338920593,0.2474217414855957
SB_FR_0996,4,0,0.15130752325057983,0.433226615190506,0.2909541726112366
SB_FR_0997,0,0,0.14008451998233795,0.35078033804893494,0.28997623920440674
SB_FR_0998,4,4,0.21917010843753815,0.4968775808811188,0.35288506746292114
SB_FR_0999,3,0,0.16581092774868011,0.3700812757015228,0.3416631519794464
SB_FR_1000,2,0,0.13573631644248962,0.38055720925331116,0.29857560992240906
SB_FR_1001,1,2,0.050957512110471725,0.4876996576786041,0.3414013683795929
SB_FR_1002,4,2,0.10560790449380875,0.4852960407733917,0.3695634603500366
SB_FR_1003,4,1,0.15234078466892242,0.3290170729160309,0.31678417325019836
SB_FR_1004,3,0,0.13116388022899628,0.4058208465576172,0.3172113001346588
SB_FR_1005,3,2,0.1490563005208969,0.4569914638996124,0.2936767637729645
SB_FR_1006,1,4,0.22782832384109497,0.4388119578361511,0.3413068652153015
SB_FR_1007,1,0,0.1932603269815445,0.41543343663215637,0.32406261563301086
SB_FR_1008,0,0,0.15613122284412384,0.40942490100860596,0.3432038426399231
SB_FR_1009,1,0,0.1567961871623993,0.4161924719810486,0.3492726683616638
SB_FR_1010,3,1,0.15316303074359894,0.32062238454818726,0.32729411125183105
SB_FR_1011,0,2,0.14114996790885925,0.46415215730667114,0.34225475788116455
SB_FR_1012,2,0,0.16411609947681427,0.35892337560653687,0.32184502482414246
SB_FR_1013,1,0,0.13536934554576874,0.40347960591316223,0.3954734802246094
SB_FR_1014,1,4,0.1951013058423996,0.43591681122779846,0.34477031230926514
SB_FR_1015,4,3,0.17936070263385773,0.43153464794158936,0.4569847285747528
SB_FR_1016,4,0,0.1249280571937561,0.3466760516166687,0.28902894258499146
SB_FR_1017,0,4,0.2488255351781845,0.4497142434120178,0.3567328155040741
SB_FR_1018,0,0,0.15928810834884644,0.3766421377658844,0.2930104732513428
SB_FR_1019,3,0,0.1523943990468979,0.3763885498046875,0.3122676610946655
SB_FR_1020,3,0,0.14620676636695862,0.34583160281181335,0.293272465467453
SB_FR_1021,1,0,0.16876207292079926,0.3939264416694641,0.3303568363189697
SB_FR_1022,1,1,0.11511319130659103,0.28361350297927856,0.2820476293563843
SB_FR_1023,1,1,0.12062829732894897,0.3084806799888611,0.34996986389160156
SB_FR_1024,1,4,0.20996113121509552,0.4186669886112213,0.32524779438972473
SB_FR_1025,2,1,0.14087215065956116,0.341874897480011,0.3374267518520355
SB_FR_1026,1,1,0.11264237761497498,0.32114771008491516,0.3423422873020172
SB_FR_1027,1,0,0.15172553062438965,0.386243611574173,0.3608644902706146
SB_FR_1028,3,1,0.19967906177043915,0.3393896818161011,0.339792937040329
SB_FR_1029,1,1,0.13062962889671326,0.3222343325614929,0.3302517831325531
SB_FR_1030,3,0,0.16380678117275238,0.3866416811943054,0.3062202036380768
SB_FR_1031,1,4,0.19495439529418945,0.42007699608802795,0.2667490243911743
SB_FR_1032,4,1,0.16635440289974213,0.34340500831604004,0.29478931427001953
SB_FR_1033,4,0,0.16209405660629272,0.41840997338294983,0.2551787793636322
SB_FR_1034,1,1,0.1355023980140686,0.2684297561645508,0.321296364068985
SB_FR_1035,3,1,0.12794794142246246,0.3734724223613739,0.36418551206588745
SB_FR_1036,0,0,0.1760871410369873,0.4484972357749939,0.3567083477973938
SB_FR_1037,3,2,0.1479063481092453,0.4992050230503082,0.3645398020744324
SB_FR_1038,1,0,0.15604430437088013,0.3954744338989258,0.3506951630115509
SB_FR_1039,0,2,0.18952569365501404,0.5042877197265625,0.33401477336883545
SB_FR_1040,4,3,0.160755917429924,0.45948469638824463,0.40967613458633423
SB_FR_1041,1,4,0.23385359346866608,0.3237818777561188,0.20943565666675568
SB_FR_1042,0,0,0.17270059883594513,0.40860414505004883,0.4023257791996002
SB_FR_1043,4,4,0.2229847013950348,0.35763269662857056,0.28495481610298157
SB_FR_1044,3,0,0.18968430161476135,0.3858443796634674,0.3164968490600586
SB_FR_1045,4,2,0.14954343438148499,0.45008033514022827,0.3641904294490814
SB_FR_1046,1,0,0.18784938752651215,0.3743930160999298,0.28936898708343506
SB_FR_1047,2,0,0.18201053142547607,0.40209007263183594,0.3238569498062134
SB_FR_1049,0,4,0.24721261858940125,0.4315602779388428,0.272098571062088
SB_FR_1051,0,1,0.14355206489562988,0.343089759349823,0.3050744831562042
SB_FR_1052,2,0,0.1564701497554779,0.4318253695964813,0.3360528349876404
SB_FR_1053,1,2,0.16544848680496216,0.4534899592399597,0.3108412027359009
SB_FR_1054,0,1,0.14646369218826294,0.31220170855522156,0.33187898993492126
SB_FR_1055,4,4,0.3960200250148773,0.5043477416038513,0.424093097448349
SB_FR_1056,1,2,0.1549915075302124,0.5225711464881897,0.37994930148124695
SB_FR_1057,4,1,0.15611357986927032,0.328244686126709,0.30522581934928894
SB_FR_1058,0,2,0.1256653368473053,0.4446355998516083,0.34801989793777466
SB_FR_1059,2,4,0.28027579188346863,0.4101053476333618,0.21783390641212463
SB_FR_1060,1,0,0.1482733190059662,0.37647125124931335,0.24746084213256836
SB_FR_1061,0,3,0.21617093682289124,0.42728689312934875,0.46703991293907166
SB_FR_1062,1,1,0.12702293694019318,0.3365824222564697,0.35713696479797363
SB_FR_1063,4,0,0.1471431851387024,0.41119474172592163,0.38968992233276367
SB_FR_1064,2,4,0.22591355443000793,0.4954204857349396,0.4352037012577057
SB_FR_1065,1,1,0.11234896630048752,0.3152739405632019,0.2933059632778168
SB_FR_1066,1,4,0.20734813809394836,0.40100574493408203,0.3206055760383606
SB_FR_1067,1,2,0.18691563606262207,0.4865777790546417,0.24945630133152008
SB_FR_1068,1,2,0.14145563542842865,0.509018063545227,0.37152403593063354
SB_FR_1069,4,0,0.14858129620552063,0.4091586470603943,0.3280646800994873
SB_FR_1070,4,4,0.2794052064418793,0.46098756790161133,0.2880423963069916
SB_FR_1071,4,1,0.11234312504529953,0.35243380069732666,0.414218544960022
SB_FR_1072,2,0,0.1294635385274887,0.4033938944339752,0.33256134390830994
SB_FR_1073,3,0,0.1805458962917328,0.43353456258773804,0.2854157090187073
SB_FR_1074,1,4,0.22620733082294464,0.4131081998348236,0.29524514079093933
SB_FR_1077,4,1,0.15003152191638947,0.3557710647583008,0.33433401584625244
SB_FR_1078,4,4,0.2241097241640091,0.4635371267795563,0.29234588146209717
SB_FR_1079,2,4,0.22499893605709076,0.3563154637813568,0.2524680495262146
SB_FR_1080,2,2,0.2088295817375183,0.4959327280521393,0.3985252380371094
SB_FR_1081,2,0,0.1876588761806488,0.38015925884246826,0.23963665962219238
SB_FR_1082,4,0,0.1605214923620224,0.42625123262405396,0.3315296471118927
SB_FR_1083,1,4,0.24849747121334076,0.4430544972419739,0.19940517842769623
SB_FR_1084,4,0,0.1633210927248001,0.42528656125068665,0.3895460069179535
SB_FR_1086,0,0,0.1229729875922203,0.3834441900253296,0.3153632581233978
SB_FR_1087,0,2,0.1725618541240692,0.48853030800819397,0.297193706035614
SB_FR_1088,1,2,0.2150835543870926,0.49729669094085693,0.40328848361968994
SB_FR_1089,0,1,0.1654110550880432,0.353593647480011,0.33985739946365356
