date,temp_mean,temp_max,rh_mean,rh_hours_above_60,n_valid_hours,year,month,infection_risk
2020-04-01,2.9250000000000003,9.7,45.0,6,24,2020,4,0
2020-04-02,5.9125000000000005,14.1,44.541666666666664,5,24,2020,4,0
2020-04-03,7.220833333333334,11.7,57.791666666666664,10,24,2020,4,0
2020-04-04,8.612499999999999,14.6,55.208333333333336,9,24,2020,4,0
2020-04-05,10.924999999999999,18.4,47.541666666666664,8,24,2020,4,0
2020-04-06,12.987499999999999,21.9,44.541666666666664,5,24,2020,4,0
2020-04-07,14.825000000000001,22.9,47.333333333333336,9,24,2020,4,0
2020-04-08,15.479166666666666,22.5,46.791666666666664,8,24,2020,4,1
2020-04-09,15.174999999999999,23.2,46.541666666666664,8,24,2020,4,1
2020-04-10,15.858333333333334,22.3,47.0,7,24,2020,4,1
2020-04-11,13.445833333333333,20.3,40.916666666666664,4,24,2020,4,0
2020-04-12,14.237499999999999,22.9,47.0,6,24,2020,4,0
2020-04-13,9.475,17.3,62.75,13,24,2020,4,0
2020-04-14,4.8500000000000005,9.7,52.166666666666664,9,24,2020,4,0
2020-04-15,8.016666666666667,16.3,52.958333333333336,10,24,2020,4,0
2020-04-16,13.933333333333332,23.9,48.916666666666664,8,24,2020,4,0
2020-04-17,16.766666666666666,24.7,49.708333333333336,9,24,2020,4,1
2020-04-18,15.958333333333334,23.4,60.416666666666664,14,24,2020,4,1
2020-04-19,13.179166666666667,17.0,64.66666666666667,11,24,2020,4,0
2020-04-20,12.329166666666667,18.6,37.083333333333336,0,24,2020,4,0
2020-04-21,13.783333333333333,20.4,35.125,0,24,2020,4,0
2020-04-22,14.941666666666668,22.0,35.541666666666664,0,24,2020,4,0
2020-04-23,14.391666666666666,21.1,41.75,3,24,2020,4,0
2020-04-24,14.704166666666666,22.2,48.75,8,24,2020,4,0
2020-04-25,12.504166666666668,17.3,48.208333333333336,4,24,2020,4,0
2020-04-26,12.424999999999999,19.1,48.708333333333336,8,24,2020,4,0
2020-04-27,14.379166666666665,22.2,49.416666666666664,9,24,2020,4,0
2020-04-28,12.341666666666667,18.3,74.125,23,24,2020,4,0
2020-04-29,13.158333333333333,17.0,70.75,19,24,2020,4,0
2020-04-30,12.220833333333333,16.1,73.45833333333333,21,24,2020,4,0
2020-05-01,9.891666666666667,12.6,79.875,24,24,2020,5,0
2020-05-02,9.108333333333333,14.5,73.70833333333333,19,24,2020,5,0
2020-05-03,11.495833333333332,16.2,61.833333333333336,12,24,2020,5,0
2020-05-04,12.0625,17.4,75.125,20,24,2020,5,0
2020-05-05,10.129166666666666,15.9,57.5,10,24,2020,5,0
2020-05-06,10.083333333333334,15.4,52.625,9,24,2020,5,0
2020-05-07,13.2125,21.2,51.875,10,24,2020,5,0
2020-05-08,16.879166666666666,24.9,49.125,8,24,2020,5,1
2020-05-09,15.366666666666667,18.1,61.458333333333336,10,24,2020,5,1
2020-05-10,17.404166666666665,24.5,71.95833333333333,15,24,2020,5,1
2020-05-11,7.533333333333334,13.9,89.5,24,24,2020,5,0
2020-05-12,6.554166666666667,12.0,64.625,13,24,2020,5,0
2020-05-13,9.170833333333333,13.6,65.54166666666667,14,24,2020,5,0
2020-05-14,10.845833333333333,14.8,58.0,12,24,2020,5,0
2020-05-15,12.391666666666666,17.0,49.625,7,24,2020,5,0
2020-05-16,12.825000000000001,19.1,49.75,7,24,2020,5,0
2020-05-17,13.6625,18.9,50.958333333333336,7,24,2020,5,0
2020-05-18,15.666666666666666,23.5,52.958333333333336,9,24,2020,5,1
2020-05-19,18.537499999999998,25.2,51.583333333333336,8,24,2020,5,1
2020-05-20,17.954166666666666,22.3,60.375,11,24,2020,5,1
2020-05-21,17.625,24.1,60.125,11,24,2020,5,1
2020-05-22,18.891666666666666,25.1,65.125,13,24,2020,5,1
2020-05-23,13.183333333333332,17.4,81.04166666666667,23,24,2020,5,0
2020-05-24,13.345833333333333,17.7,63.125,13,24,2020,5,0
2020-05-25,15.0625,19.8,62.083333333333336,13,24,2020,5,1
2020-05-26,13.570833333333333,18.6,61.541666666666664,12,24,2020,5,0
2020-05-27,15.845833333333333,22.7,54.916666666666664,9,24,2020,5,1
2020-05-28,16.370833333333334,20.7,49.75,8,24,2020,5,1
2020-05-29,15.316666666666668,20.6,46.5,6,24,2020,5,1
2020-05-30,14.700000000000001,19.4,47.208333333333336,5,24,2020,5,0
2020-05-31,15.0,19.6,50.625,7,24,2020,5,1
2020-06-01,18.583333333333332,25.9,47.958333333333336,7,24,2020,6,1
2020-06-02,19.8625,26.2,44.791666666666664,7,24,2020,6,1
2020-06-03,18.775000000000002,26.9,56.458333333333336,13,24,2020,6,1
2020-06-04,14.970833333333333,18.0,86.54166666666667,24,24,2020,6,0
2020-06-05,11.799999999999999,15.0,77.70833333333333,22,24,2020,6,0
2020-06-06,12.470833333333333,16.6,81.58333333333333,24,24,2020,6,0
2020-06-07,14.066666666666668,17.2,68.66666666666667,14,24,2020,6,0
2020-06-08,14.308333333333332,19.0,67.25,13,24,2020,6,0
2020-06-09,13.924999999999999,17.2,75.70833333333333,23,24,2020,6,0
2020-06-10,14.179166666666667,17.8,79.29166666666667,21,24,2020,6,0
2020-06-11,14.354166666666666,18.7,86.95833333333333,24,24,2020,6,0
2020-06-12,20.445833333333333,27.7,63.416666666666664,10,24,2020,6,1
2020-06-13,21.675,28.0,63.916666666666664,13,24,2020,6,1
2020-06-14,17.791666666666668,19.9,81.0,24,24,2020,6,1
2020-06-15,15.608333333333334,16.3,90.41666666666667,24,24,2020,6,1
2020-06-16,16.8625,20.2,85.58333333333333,24,24,2020,6,1
2020-06-17,17.3375,23.5,85.875,23,24,2020,6,1
2020-06-18,17.158333333333335,22.0,74.875,20,24,2020,6,1
2020-06-19,17.408333333333335,22.2,70.75,17,24,2020,6,1
2020-06-20,18.241666666666667,22.7,67.95833333333333,17,24,2020,6,1
2020-06-21,19.55,24.8,61.625,11,24,2020,6,1
2020-06-22,20.625,25.1,62.0,14,24,2020,6,1
2020-06-23,20.45416666666667,25.8,56.208333333333336,9,24,2020,6,1
2020-06-24,20.6375,26.1,52.541666666666664,8,24,2020,6,1
2020-06-25,19.445833333333333,24.3,64.91666666666667,15,24,2020,6,1
2020-06-26,21.158333333333335,28.4,59.416666666666664,12,24,2020,6,1
2020-06-27,23.254166666666666,28.3,64.70833333333333,15,24,2020,6,1
2020-06-28,19.633333333333333,25.2,73.66666666666667,17,24,2020,6,1
2020-06-29,17.091666666666665,22.3,75.5,18,24,2020,6,1
2020-06-30,17.400000000000002,22.1,65.75,13,24,2020,6,1
2020-07-01,22.22083333333333,28.8,61.083333333333336,11,24,2020,7,1
2020-07-02,19.8,24.4,68.66666666666667,18,24,2020,7,1
2020-07-03,18.349999999999998,22.7,59.708333333333336,11,24,2020,7,1
2020-07-04,20.404166666666665,26.5,53.125,8,24,2020,7,1
2020-07-05,22.770833333333332,27.4,57.25,12,24,2020,7,1
2020-07-06,17.412499999999998,20.4,58.958333333333336,9,24,2020,7,1
2020-07-07,15.679166666666667,21.7,56.208333333333336,11,24,2020,7,1
2020-07-08,15.591666666666667,19.4,73.625,19,24,2020,7,1
2020-07-09,21.545833333333334,28.6,65.33333333333333,14,24,2020,7,1
2020-07-10,21.308333333333334,26.8,56.916666666666664,10,24,2020,7,1
2020-07-11,17.787499999999998,22.1,53.25,10,24,2020,7,1
2020-07-12,17.533333333333335,23.6,50.208333333333336,8,24,2020,7,1
2020-07-13,19.195833333333333,25.3,47.583333333333336,7,24,2020,7,1
2020-07-14,20.3875,27.2,48.291666666666664,7,24,2020,7,1
2020-07-15,17.008333333333333,20.1,75.66666666666667,22,24,2020,7,1
2020-07-16,14.9125,16.4,82.20833333333333,24,24,2020,7,0
2020-07-17,17.175,22.4,68.25,14,24,2020,7,1
2020-07-18,19.14166666666667,25.8,56.708333333333336,10,24,2020,7,1
2020-07-19,21.40416666666667,28.7,53.375,10,24,2020,7,1
2020-07-20,21.78333333333333,28.2,55.833333333333336,11,24,2020,7,1
2020-07-21,21.1375,26.8,46.416666666666664,6,24,2020,7,1
2020-07-22,20.229166666666668,27.2,41.875,4,24,2020,7,0
2020-07-23,20.829166666666666,27.3,45.25,4,24,2020,7,0
2020-07-24,21.224999999999998,28.0,48.25,7,24,2020,7,1
2020-07-25,22.2375,26.8,49.125,4,24,2020,7,0
2020-07-26,20.095833333333335,24.3,67.41666666666667,16,24,2020,7,1
2020-07-27,22.258333333333336,29.4,55.208333333333336,10,24,2020,7,1
2020-07-28,22.945833333333336,27.9,49.666666666666664,4,24,2020,7,0
2020-07-29,20.6125,27.3,45.25,6,24,2020,7,1
2020-07-30,22.1375,30.9,43.083333333333336,7,24,2020,7,1
2020-07-31,25.05,33.3,41.75,5,24,2020,7,0
2020-08-01,25.916666666666668,34.6,46.333333333333336,5,24,2020,8,0
2020-08-02,22.5125,25.7,60.5,15,24,2020,8,1
2020-08-03,18.5,22.2,70.66666666666667,17,24,2020,8,1
2020-08-04,17.912499999999998,23.2,60.833333333333336,12,24,2020,8,1
2020-08-05,19.395833333333332,26.3,57.958333333333336,10,24,2020,8,1
2020-08-06,22.212500000000002,30.4,50.041666666666664,7,24,2020,8,1
2020-08-07,25.104166666666668,32.9,48.375,8,24,2020,8,1
2020-08-08,26.891666666666666,34.6,46.083333333333336,7,24,2020,8,1
2020-08-09,27.629166666666666,35.7,42.208333333333336,6,24,2020,8,1
2020-08-10,27.195833333333336,34.6,47.625,7,24,2020,8,1
2020-08-11,24.6875,34.5,61.5,14,24,2020,8,1
2020-08-12,25.8,33.2,58.208333333333336,9,24,2020,8,1
2020-08-13,21.254166666666666,24.8,79.125,22,24,2020,8,1
2020-08-14,21.179166666666667,24.1,84.75,24,24,2020,8,1
2020-08-15,21.816666666666666,27.3,77.875,21,24,2020,8,1
2020-08-16,23.195833333333336,29.4,69.70833333333333,15,24,2020,8,1
2020-08-17,21.304166666666667,25.5,70.5,17,24,2020,8,1
2020-08-18,21.05,26.4,62.833333333333336,13,24,2020,8,1
2020-08-19,20.724999999999998,27.2,63.208333333333336,12,24,2020,8,1
2020-08-20,23.979166666666668,30.7,60.708333333333336,13,24,2020,8,1
2020-08-21,26.925,34.6,54.125,9,24,2020,8,1
2020-08-22,21.941666666666666,25.8,64.0,15,24,2020,8,1
2020-08-23,19.670833333333334,24.2,56.916666666666664,10,24,2020,8,1
2020-08-24,17.329166666666666,22.2,59.833333333333336,12,24,2020,8,1
2020-08-25,18.462500000000002,24.7,55.875,9,24,2020,8,1
2020-08-26,20.883333333333333,23.4,46.166666666666664,0,24,2020,8,0
2020-08-27,18.158333333333335,24.0,56.416666666666664,12,24,2020,8,1
2020-08-28,17.125,21.6,75.04166666666667,24,24,2020,8,1
2020-08-29,17.708333333333332,21.4,66.58333333333333,16,24,2020,8,1
2020-08-30,14.470833333333333,17.0,88.45833333333333,24,24,2020,8,0
2020-08-31,14.924999999999999,17.8,85.54166666666667,24,24,2020,8,0
2020-09-01,14.991666666666667,19.5,82.54166666666667,22,24,2020,9,0
2020-09-02,14.408333333333333,19.9,74.875,16,24,2020,9,0
2020-09-03,16.279166666666665,23.0,68.5,16,24,2020,9,1
2020-09-04,21.445833333333336,27.1,54.666666666666664,10,24,2020,9,1
2020-09-05,17.945833333333333,22.6,70.66666666666667,21,24,2020,9,1
2020-09-06,15.445833333333333,18.6,58.708333333333336,12,24,2020,9,1
2020-09-07,14.829166666666667,21.6,61.5,13,24,2020,9,0
2020-09-08,16.545833333333334,24.8,59.333333333333336,12,24,2020,9,1
2020-09-09,18.974999999999998,27.3,60.52173913043478,14,24,2020,9,1
2020-09-10,18.666666666666668,22.7,68.70833333333333,14,24,2020,9,1
2020-09-11,19.329166666666666,25.4,59.5,13,24,2020,9,1
2020-09-12,18.895833333333332,26.5,64.0,14,24,2020,9,1
2020-09-13,20.116666666666667,27.7,62.458333333333336,13,24,2020,9,1
2020-09-14,21.5,29.8,60.291666666666664,12,24,2020,9,1
2020-09-15,21.029166666666665,29.1,63.916666666666664,13,24,2020,9,1
2020-09-16,19.133333333333333,24.2,76.04166666666667,23,24,2020,9,1
2020-09-17,17.05,20.9,64.16666666666667,16,24,2020,9,1
2020-09-18,15.7875,22.4,52.125,8,24,2020,9,1
2020-09-19,15.5875,24.0,51.416666666666664,10,24,2020,9,1
2020-09-20,16.066666666666666,23.8,55.458333333333336,10,24,2020,9,1
2020-09-21,17.0125,25.2,59.25,12,24,2020,9,1
2020-09-22,18.395833333333332,26.4,65.91666666666667,15,24,2020,9,1
2020-09-23,17.933333333333334,22.1,67.70833333333333,15,24,2020,9,1
2020-09-24,16.875,21.2,70.54166666666667,14,24,2020,9,1
2020-09-25,11.241666666666667,12.8,80.375,24,24,2020,9,0
2020-09-26,8.9,9.4,88.29166666666667,24,24,2020,9,0
2020-09-27,9.770833333333334,13.7,82.5,24,24,2020,9,0
2020-09-28,9.4,17.3,82.5,19,24,2020,9,0
2020-09-29,9.891666666666667,13.3,91.70833333333333,24,24,2020,9,0
2020-09-30,13.35,16.7,85.0,24,24,2020,9,0
2020-10-01,13.125,17.6,86.625,24,24,2020,10,0
2020-10-02,15.070833333333333,19.7,77.70833333333333,22,24,2020,10,1
2020-10-03,12.416666666666666,17.4,82.95833333333333,24,24,2020,10,0
2020-10-04,11.808333333333332,16.6,71.79166666666667,16,24,2020,10,0
2020-10-05,11.616666666666667,15.7,81.33333333333333,23,24,2020,10,0
2020-10-06,11.7125,13.7,83.20833333333333,24,24,2020,10,0
2020-10-07,11.445833333333333,14.5,85.16666666666667,24,24,2020,10,0
2020-10-08,12.433333333333332,14.8,83.5,24,24,2020,10,0
2020-10-09,14.516666666666666,16.7,81.91666666666667,24,24,2020,10,0
2020-10-10,9.700000000000001,12.9,81.83333333333333,22,24,2020,10,0
2020-10-11,7.575,11.6,78.375,21,24,2020,10,0
2020-10-12,7.358333333333333,12.3,90.04166666666667,24,24,2020,10,0
2020-10-13,5.741666666666667,9.4,94.83333333333333,24,24,2020,10,0
2020-10-14,6.879166666666666,8.6,92.04166666666667,24,24,2020,10,0
2020-10-15,8.504166666666666,10.1,90.04166666666667,24,24,2020,10,0
2020-10-16,8.825000000000001,10.8,82.20833333333333,24,24,2020,10,0
2020-10-17,7.954166666666667,9.7,84.75,24,24,2020,10,0
2020-10-18,7.216666666666666,9.9,83.70833333333333,24,24,2020,10,0
2020-10-19,7.704166666666667,11.0,80.83333333333333,24,24,2020,10,0
2020-10-20,8.362499999999999,14.2,82.16666666666667,24,24,2020,10,0
2020-10-21,12.120833333333332,16.5,78.625,24,24,2020,10,0
2020-10-22,15.795833333333334,19.5,69.33333333333333,19,24,2020,10,1
2020-10-23,14.108333333333334,16.4,92.04166666666667,24,24,2020,10,0
2020-10-24,12.291666666666666,16.2,85.0,24,24,2020,10,0
2020-10-25,10.9625,16.9,81.75,22,24,2020,10,0
2020-10-26,9.4125,10.9,93.33333333333333,24,24,2020,10,0
2020-10-27,8.4,11.9,81.20833333333333,24,24,2020,10,0
2020-10-28,10.387500000000001,14.1,81.33333333333333,24,24,2020,10,0
2020-10-29,9.637500000000001,11.8,88.04166666666667,24,24,2020,10,0
2020-10-30,12.395833333333334,14.4,87.25,24,24,2020,10,0
2020-10-31,11.858333333333334,15.8,82.0,24,24,2020,10,0
2020-11-01,12.891666666666666,15.3,91.25,24,24,2020,11,0
2020-11-02,17.474999999999998,20.9,77.75,24,24,2020,11,1
2020-11-03,11.625,17.1,79.375,24,24,2020,11,0
2020-11-04,7.170833333333333,9.9,79.54166666666667,24,24,2020,11,0
2020-11-05,4.2749999999999995,10.4,83.20833333333333,21,24,2020,11,0
2020-11-06,2.920833333333333,10.1,84.41666666666667,21,24,2020,11,0
2020-11-07,3.9291666666666667,10.8,82.75,24,24,2020,11,0
2020-11-08,4.241666666666666,9.8,88.5,24,24,2020,11,0
2020-11-09,4.954166666666667,8.9,91.66666666666667,24,24,2020,11,0
2020-11-10,3.75,4.5,96.875,24,24,2020,11,0
2020-11-11,6.2124999999999995,7.8,93.0,24,24,2020,11,0
2020-11-12,7.875,11.2,90.54166666666667,24,24,2020,11,0
2020-11-13,7.7,12.2,93.375,24,24,2020,11,0
2020-11-14,11.604166666666666,16.9,79.08333333333333,23,24,2020,11,0
2020-11-15,9.450000000000001,16.1,83.5,24,24,2020,11,0
2020-11-16,9.941666666666666,11.9,84.29166666666667,24,24,2020,11,0
2020-11-17,9.112499999999999,11.4,82.58333333333333,24,24,2020,11,0
2020-11-18,7.020833333333333,13.3,85.375,24,24,2020,11,0
2020-11-19,7.916666666666667,10.4,82.79166666666667,24,24,2020,11,0
2020-11-20,3.0875,5.8,86.04166666666667,24,24,2020,11,0
2020-11-21,-0.1166666666666667,4.8,91.45833333333333,24,24,2020,11,0
2020-11-22,2.766666666666667,6.2,84.70833333333333,24,24,2020,11,0
2020-11-23,5.375,7.5,92.95833333333333,24,24,2020,11,0
2020-11-24,3.6166666666666667,5.0,94.54166666666667,24,24,2020,11,0
2020-11-25,2.6166666666666667,3.7,92.79166666666667,24,24,2020,11,0
2020-11-26,1.0583333333333333,1.6,95.66666666666667,24,24,2020,11,0
2020-11-27,0.8791666666666668,4.0,93.95833333333333,24,24,2020,11,0
2020-11-28,-0.5791666666666667,1.6,96.91666666666667,24,24,2020,11,0
2020-11-29,0.5,4.2,75.54166666666667,23,24,2020,11,0
2020-11-30,-1.9208333333333334,2.6,85.95833333333333,24,24,2020,11,0
2020-12-01,0.46249999999999997,1.4,96.5,24,24,2020,12,0
2020-12-02,-0.25416666666666665,0.7,88.79166666666667,24,24,2020,12,0
2020-12-03,-0.37083333333333335,1.7,82.91666666666667,24,24,2020,12,0
2020-12-04,0.3833333333333333,1.5,80.04166666666667,24,24,2020,12,0
2020-12-05,1.1375,2.8,91.79166666666667,24,24,2020,12,0
2020-12-06,2.25,2.9,97.20833333333333,24,24,2020,12,0
2020-12-07,2.6458333333333335,4.4,91.5,24,24,2020,12,0
2020-12-08,1.6208333333333333,4.3,88.625,24,24,2020,12,0
2020-12-09,1.1375,1.7,93.20833333333333,24,24,2020,12,0
2020-12-10,1.05,1.6,91.29166666666667,24,24,2020,12,0
2020-12-11,1.6958333333333335,3.1,86.95833333333333,24,24,2020,12,0
2020-12-12,2.904166666666667,4.5,93.54166666666667,24,24,2020,12,0
2020-12-13,5.204166666666667,7.1,95.0,24,24,2020,12,0
2020-12-14,3.704166666666667,6.7,89.5,24,24,2020,12,0
2020-12-15,4.520833333333333,6.7,94.58333333333333,24,24,2020,12,0
2020-12-16,5.920833333333333,8.4,94.0,24,24,2020,12,0
2020-12-17,4.829166666666667,8.1,92.875,24,24,2020,12,0
2020-12-18,2.8958333333333335,6.1,98.54166666666667,24,24,2020,12,0
2020-12-19,1.8833333333333335,3.0,94.875,24,24,2020,12,0
2020-12-20,2.379166666666667,4.3,91.29166666666667,24,24,2020,12,0
2020-12-21,4.7375,6.5,96.5,24,24,2020,12,0
2020-12-22,11.15,12.6,93.375,24,24,2020,12,0
2020-12-23,11.566666666666668,12.8,93.125,24,24,2020,12,0
2020-12-24,6.454166666666667,10.4,87.04166666666667,24,24,2020,12,0
2020-12-25,1.375,3.0,86.58333333333333,24,24,2020,12,0
2020-12-26,-0.3875,1.3,88.5,24,24,2020,12,0
2020-12-27,-0.016666666666666653,1.9,76.625,24,24,2020,12,0
2020-12-28,1.8499999999999999,3.1,90.5,24,24,2020,12,0
2020-12-29,2.0124999999999997,4.5,89.33333333333333,24,24,2020,12,0
2020-12-30,2.5749999999999997,5.7,87.5,24,24,2020,12,0
2020-12-31,1.2208333333333334,2.7,90.83333333333333,24,24,2020,12,0
2021-01-01,1.9000000000000001,3.0,89.33333333333333,24,24,2021,1,0
2021-01-02,1.1833333333333333,2.3,85.41666666666667,24,24,2021,1,0
2021-01-03,0.4666666666666666,0.9,92.70833333333333,24,24,2021,1,0
2021-01-04,0.9666666666666667,1.5,94.75,24,24,2021,1,0
2021-01-05,1.1125,2.5,91.0,24,24,2021,1,0
2021-01-06,1.1125,2.2,93.41666666666667,24,24,2021,1,0
2021-01-07,1.0416666666666667,1.6,85.83333333333333,24,24,2021,1,0
2021-01-08,0.45,1.1,92.33333333333333,24,24,2021,1,0
2021-01-09,0.1875,1.0,83.75,24,24,2021,1,0
2021-01-10,-1.5,2.4,85.0,24,24,2021,1,0
2021-01-11,-3.8874999999999997,-1.1,92.16666666666667,24,24,2021,1,0
2021-01-12,0.9916666666666667,2.2,89.125,24,24,2021,1,0
2021-01-13,0.7166666666666667,2.5,83.33333333333333,24,24,2021,1,0
2021-01-14,0.7999999999999999,2.5,74.0,24,24,2021,1,0
2021-01-15,-1.0583333333333333,0.4,81.625,24,24,2021,1,0
2021-01-16,-1.6458333333333333,-0.7,75.20833333333333,23,24,2021,1,0
2021-01-17,-2.0875,-0.2,93.91666666666667,24,24,2021,1,0
2021-01-18,2.1458333333333335,3.2,87.16666666666667,24,24,2021,1,0
2021-01-19,2.0416666666666665,3.2,83.16666666666667,24,24,2021,1,0
2021-01-20,3.720833333333333,7.9,76.04166666666667,24,24,2021,1,0
2021-01-21,7.4375,12.1,71.16666666666667,19,24,2021,1,0
2021-01-22,6.483333333333333,11.2,81.20833333333333,24,24,2021,1,0
2021-01-23,1.8166666666666667,3.6,91.91666666666667,24,24,2021,1,0
2021-01-24,0.6291666666666668,2.2,90.79166666666667,24,24,2021,1,0
2021-01-25,-0.6708333333333334,0.3,87.41666666666667,24,24,2021,1,0
2021-01-26,0.3958333333333333,1.9,89.375,24,24,2021,1,0
2021-01-27,0.10416666666666667,1.4,89.83333333333333,24,24,2021,1,0
2021-01-28,4.745833333333333,10.7,95.58333333333333,24,24,2021,1,0
2021-01-29,8.262500000000001,9.9,84.41666666666667,24,24,2021,1,0
2021-01-30,2.795833333333333,7.4,90.20833333333333,24,24,2021,1,0
2021-01-31,-0.1708333333333333,1.3,87.04166666666667,24,24,2021,1,0
2021-02-01,1.8499999999999999,3.3,95.33333333333333,24,24,2021,2,0
2021-02-02,6.820833333333333,10.0,94.125,24,24,2021,2,0
2021-02-03,9.3625,11.2,90.25,24,24,2021,2,0
2021-02-04,6.9624999999999995,9.3,73.875,21,24,2021,2,0
2021-02-05,4.7250000000000005,6.4,94.0,24,24,2021,2,0
2021-02-06,4.116666666666666,5.0,97.375,24,24,2021,2,0
2021-02-07,1.0250000000000001,2.6,92.375,24,24,2021,2,0
2021-02-08,-5.825,-4.6,85.83333333333333,24,24,2021,2,0
2021-02-09,-7.941666666666666,-7.0,82.41666666666667,24,24,2021,2,0
2021-02-10,-9.262500000000001,-6.5,75.875,24,24,2021,2,0
2021-02-11,-7.8125,-2.3,83.25,24,24,2021,2,0
2021-02-12,-8.066666666666666,-3.0,79.29166666666667,24,24,2021,2,0
2021-02-13,-7.470833333333334,-2.1,75.5,21,24,2021,2,0
2021-02-14,-7.329166666666667,-2.0,75.83333333333333,21,24,2021,2,0
2021-02-15,-4.029166666666667,-0.1,80.0,24,24,2021,2,0
2021-02-16,2.8708333333333336,6.5,91.75,24,24,2021,2,0
2021-02-17,6.3125,9.7,86.5,24,24,2021,2,0
2021-02-18,5.570833333333333,11.6,79.20833333333333,21,24,2021,2,0
2021-02-19,7.466666666666666,11.4,74.75,23,24,2021,2,0
2021-02-20,8.504166666666666,15.8,76.25,20,24,2021,2,0
2021-02-21,7.979166666666667,15.6,76.95833333333333,19,24,2021,2,0
2021-02-22,4.2124999999999995,7.6,87.875,24,24,2021,2,0
2021-02-23,7.875,18.0,79.625,20,24,2021,2,0
2021-02-24,10.174999999999999,18.6,76.83333333333333,18,24,2021,2,0
2021-02-25,10.379166666666666,20.4,68.79166666666667,16,24,2021,2,0
2021-02-26,6.2250000000000005,12.8,79.95833333333333,23,24,2021,2,0
2021-02-27,4.7625,8.8,75.70833333333333,21,24,2021,2,0
2021-02-28,4.554166666666666,9.7,67.70833333333333,16,24,2021,2,0
2021-03-01,6.179166666666667,13.6,67.79166666666667,16,24,2021,3,0
2021-03-02,7.0874999999999995,14.1,67.29166666666667,16,24,2021,3,0
2021-03-03,5.3625,11.6,77.70833333333333,24,24,2021,3,0
2021-03-04,8.529166666666667,14.7,74.125,17,24,2021,3,0
2021-03-05,2.558333333333333,4.7,76.20833333333333,19,24,2021,3,0
2021-03-06,0.8416666666666668,6.5,64.04166666666667,14,24,2021,3,0
2021-03-07,1.2666666666666668,7.7,61.333333333333336,13,24,2021,3,0
2021-03-08,0.9958333333333332,5.4,74.58333333333333,23,24,2021,3,0
2021-03-09,2.2666666666666666,6.2,74.79166666666667,19,24,2021,3,0
2021-03-10,5.733333333333333,8.8,69.95833333333333,16,24,2021,3,0
2021-03-11,8.320833333333333,12.1,75.75,24,24,2021,3,0
2021-03-12,6.716666666666666,9.6,65.91666666666667,16,24,2021,3,0
2021-03-13,5.9875,9.1,80.75,24,24,2021,3,0
2021-03-14,4.141666666666667,7.0,79.875,24,24,2021,3,0
2021-03-15,4.595833333333333,8.9,80.70833333333333,22,24,2021,3,0
2021-03-16,4.4125000000000005,7.3,74.58333333333333,21,24,2021,3,0
2021-03-17,3.1041666666666665,5.0,73.70833333333333,18,24,2021,3,0
2021-03-18,2.7416666666666667,7.1,73.75,22,24,2021,3,0
2021-03-19,1.6875,4.6,80.04166666666667,19,24,2021,3,0
2021-03-20,0.4916666666666667,3.3,60.041666666666664,12,24,2021,3,0
2021-03-21,4.4750000000000005,8.6,63.708333333333336,16,24,2021,3,0
2021-03-22,4.979166666666667,7.0,67.58333333333333,18,24,2021,3,0
2021-03-23,5.479166666666667,6.8,73.83333333333333,24,24,2021,3,0
2021-03-24,6.604166666666667,14.3,68.375,13,24,2021,3,0
2021-03-25,8.9625,17.3,62.416666666666664,13,24,2021,3,0
2021-03-26,10.058333333333334,16.4,64.08333333333333,14,24,2021,3,0
2021-03-27,7.5125,10.6,66.20833333333333,16,24,2021,3,0
2021-03-28,9.479166666666666,14.3,58.291666666666664,9,24,2021,3,0
2021-03-29,12.666666666666666,20.5,48.0,8,24,2021,3,0
2021-03-30,12.845833333333333,21.9,49.333333333333336,9,24,2021,3,0
2021-03-31,14.204166666666666,23.7,49.875,9,24,2021,3,0
2021-04-01,15.033333333333333,23.5,51.291666666666664,11,24,2021,4,1
2021-04-02,8.125,13.3,60.5,14,24,2021,4,0
2021-04-03,6.979166666666667,12.0,52.416666666666664,7,24,2021,4,0
2021-04-04,6.516666666666667,12.5,59.708333333333336,14,24,2021,4,0
2021-04-05,3.5041666666666664,8.4,72.0,22,24,2021,4,0
2021-04-06,0.8125,4.8,75.08333333333333,23,24,2021,4,0
2021-04-07,1.0291666666666666,3.5,78.41666666666667,24,24,2021,4,0
2021-04-08,2.9625,6.2,60.625,14,24,2021,4,0
2021-04-09,7.879166666666666,15.7,52.666666666666664,9,24,2021,4,0
2021-04-10,11.233333333333334,13.8,62.958333333333336,17,24,2021,4,0
2021-04-11,11.916666666666666,19.7,67.0,15,24,2021,4,0
2021-04-12,4.379166666666666,8.6,68.5,15,24,2021,4,0
2021-04-13,3.9875000000000003,9.3,61.458333333333336,12,24,2021,4,0
2021-04-14,3.4499999999999997,8.1,64.91666666666667,14,24,2021,4,0
2021-04-15,3.733333333333333,8.5,63.833333333333336,14,24,2021,4,0
2021-04-16,4.041666666666667,5.7,73.16666666666667,24,24,2021,4,0
2021-04-17,5.4750000000000005,9.6,69.66666666666667,16,24,2021,4,0
2021-04-18,7.516666666666667,11.1,76.66666666666667,24,24,2021,4,0
2021-04-19,8.645833333333334,12.2,83.08333333333333,23,24,2021,4,0
2021-04-20,10.325000000000001,17.1,68.33333333333333,14,24,2021,4,0
2021-04-21,10.970833333333333,16.9,71.375,16,24,2021,4,0
2021-04-22,8.679166666666667,14.1,54.958333333333336,9,24,2021,4,0
2021-04-23,8.987499999999999,15.7,52.458333333333336,9,24,2021,4,0
2021-04-24,10.3125,17.4,53.291666666666664,10,24,2021,4,0
2021-04-25,9.225,15.7,51.583333333333336,7,24,2021,4,0
2021-04-26,8.191666666666666,13.6,43.25,7,24,2021,4,0
2021-04-27,9.887500000000001,16.5,42.541666666666664,0,24,2021,4,0
2021-04-28,13.545833333333334,20.8,47.041666666666664,7,24,2021,4,0
2021-04-29,11.5,14.9,70.95833333333333,19,24,2021,4,0
2021-04-30,6.608333333333333,10.5,76.75,19,24,2021,4,0
2021-05-01,9.8125,13.0,72.75,17,24,2021,5,0
2021-05-02,8.245833333333334,12.5,66.5,14,24,2021,5,0
2021-05-03,8.316666666666666,13.1,56.458333333333336,10,24,2021,5,0
2021-05-04,9.233333333333333,14.1,66.95833333333333,16,24,2021,5,0
2021-05-05,7.45,10.4,72.20833333333333,20,24,2021,5,0
2021-05-06,5.879166666666666,8.8,90.45833333333333,24,24,2021,5,0
2021-05-07,6.904166666666666,10.4,71.375,16,24,2021,5,0
2021-05-08,10.045833333333333,16.9,58.75,12,24,2021,5,0
2021-05-09,18.183333333333334,28.0,57.291666666666664,9,24,2021,5,1
2021-05-10,17.416666666666668,23.4,62.416666666666664,12,24,2021,5,1
2021-05-11,14.204166666666666,17.5,84.95833333333333,24,24,2021,5,0
2021-05-12,11.879166666666668,14.6,90.75,24,24,2021,5,0
2021-05-13,11.5375,16.2,87.91666666666667,22,24,2021,5,0
2021-05-14,12.6,17.4,69.20833333333333,16,24,2021,5,0
2021-05-15,11.737499999999999,15.9,74.20833333333333,22,24,2021,5,0
2021-05-16,11.658333333333333,16.8,78.125,21,24,2021,5,0
2021-05-17,11.325000000000001,14.8,82.45833333333333,24,24,2021,5,0
2021-05-18,11.579166666666666,16.3,74.04166666666667,20,24,2021,5,0
2021-05-19,11.65,16.7,70.58333333333333,18,24,2021,5,0
2021-05-20,11.837499999999999,16.9,70.83333333333333,17,24,2021,5,0
2021-05-21,12.820833333333333,16.6,67.29166666666667,15,24,2021,5,0
2021-05-22,12.0875,17.0,63.25,13,24,2021,5,0
2021-05-23,11.612499999999999,15.3,67.33333333333333,14,24,2021,5,0
2021-05-24,12.512500000000001,19.3,69.45833333333333,16,24,2021,5,0
2021-05-25,10.379166666666666,14.9,70.16666666666667,21,24,2021,5,0
2021-05-26,9.862499999999999,13.3,82.375,24,24,2021,5,0
2021-05-27,9.933333333333334,13.6,85.5,24,24,2021,5,0
2021-05-28,12.204166666666666,17.0,73.70833333333333,16,24,2021,5,0
2021-05-29,13.154166666666667,18.9,63.041666666666664,13,24,2021,5,0
2021-05-30,14.083333333333334,20.3,58.458333333333336,10,24,2021,5,0
2021-05-31,14.587499999999999,20.7,56.291666666666664,10,24,2021,5,0
2021-06-01,16.804166666666667,23.8,53.583333333333336,9,24,2021,6,1
2021-06-02,18.645833333333332,26.1,51.291666666666664,8,24,2021,6,1
2021-06-03,19.833333333333332,27.8,60.041666666666664,13,24,2021,6,1
2021-06-04,19.525000000000002,26.6,78.95833333333333,21,24,2021,6,1
2021-06-05,18.841666666666665,23.3,83.875,23,24,2021,6,1
2021-06-06,17.5625,20.1,89.83333333333333,24,24,2021,6,1
2021-06-07,18.3625,22.8,84.41666666666667,24,24,2021,6,1
2021-06-08,18.516666666666666,21.4,82.79166666666667,24,24,2021,6,1
2021-06-09,18.837500000000002,24.7,84.375,23,24,2021,6,1
2021-06-10,19.083333333333332,26.4,77.75,18,24,2021,6,1
2021-06-11,20.5625,27.5,69.125,13,24,2021,6,1
2021-06-12,20.316666666666666,25.1,66.625,14,24,2021,6,1
2021-06-13,17.4375,22.7,55.958333333333336,11,24,2021,6,1
2021-06-14,18.787499999999998,25.0,56.041666666666664,11,24,2021,6,1
2021-06-15,21.433333333333334,28.4,59.666666666666664,12,24,2021,6,1
2021-06-16,23.729166666666668,29.6,60.291666666666664,12,24,2021,6,1
2021-06-17,25.037499999999998,31.8,54.458333333333336,9,24,2021,6,1
2021-06-18,25.3875,32.7,55.25,11,24,2021,6,1
2021-06-19,25.979166666666668,31.8,60.041666666666664,12,24,2021,6,1
2021-06-20,23.8625,27.3,66.70833333333333,16,24,2021,6,1
2021-06-21,21.691666666666666,26.8,68.45833333333333,15,24,2021,6,1
2021-06-22,18.6875,22.1,80.91666666666667,24,24,2021,6,1
2021-06-23,19.3625,24.0,76.5,22,24,2021,6,1
2021-06-24,17.212500000000002,20.0,88.79166666666667,24,24,2021,6,1
2021-06-25,17.833333333333332,21.8,81.66666666666667,24,24,2021,6,1
2021-06-26,19.183333333333334,24.9,73.29166666666667,15,24,2021,6,1
2021-06-27,21.875,27.1,64.125,13,24,2021,6,1
2021-06-28,23.445833333333336,29.7,67.375,12,24,2021,6,1
2021-06-29,18.504166666666666,25.4,85.29166666666667,21,24,2021,6,1
2021-06-30,15.8125,19.3,85.95833333333333,24,24,2021,6,1
2021-07-01,14.549999999999999,15.9,87.79166666666667,24,24,2021,7,0
2021-07-02,16.875,21.9,73.16666666666667,16,24,2021,7,1
2021-07-03,19.375,25.4,70.70833333333333,16,24,2021,7,1
2021-07-04,18.912499999999998,24.8,80.70833333333333,20,24,2021,7,1
2021-07-05,17.520833333333332,21.0,83.45833333333333,24,24,2021,7,1
2021-07-06,18.2,24.2,84.41666666666667,24,24,2021,7,1
2021-07-07,17.970833333333335,22.0,83.16666666666667,24,24,2021,7,1
2021-07-08,18.20416666666667,21.7,86.29166666666667,24,24,2021,7,1
2021-07-09,16.025000000000002,19.1,92.0,24,24,2021,7,1
2021-07-10,18.066666666666666,23.7,77.41666666666667,18,24,2021,7,1
2021-07-11,17.566666666666666,21.2,87.5,24,24,2021,7,1
2021-07-12,19.516666666666666,25.0,76.5,18,24,2021,7,1
2021-07-13,17.9375,22.4,85.95833333333333,24,24,2021,7,1
2021-07-14,15.995833333333332,20.0,85.625,24,24,2021,7,1
2021-07-15,16.625,22.4,84.91666666666667,23,24,2021,7,1
2021-07-16,19.483333333333334,25.9,77.79166666666667,19,24,2021,7,1
2021-07-17,20.150000000000002,25.4,78.08333333333333,22,24,2021,7,1
2021-07-18,21.462500000000002,28.1,62.416666666666664,14,24,2021,7,1
2021-07-19,20.670833333333334,25.8,67.83333333333333,16,24,2021,7,1
2021-07-20,18.808333333333334,23.8,62.75,12,24,2021,7,1
2021-07-21,18.604166666666668,24.5,61.125,12,24,2021,7,1
2021-07-22,20.025000000000002,25.5,61.291666666666664,13,24,2021,7,1
2021-07-23,20.8625,26.5,61.375,11,24,2021,7,1
2021-07-24,21.162499999999998,28.2,71.20833333333333,17,24,2021,7,1
2021-07-25,20.349999999999998,25.3,78.70833333333333,23,24,2021,7,1
2021-07-26,20.316666666666666,25.6,77.04166666666667,19,24,2021,7,1
2021-07-27,20.229166666666668,25.3,72.83333333333333,16,24,2021,7,1
2021-07-28,18.6375,22.7,80.79166666666667,23,24,2021,7,1
2021-07-29,18.479166666666668,23.0,68.04166666666667,14,24,2021,7,1
2021-07-30,20.066666666666666,26.1,65.75,12,24,2021,7,1
2021-07-31,18.654166666666665,22.1,63.333333333333336,13,24,2021,7,1
2021-08-01,17.133333333333333,21.9,75.16666666666667,20,24,2021,8,1
2021-08-02,15.695833333333333,21.1,82.08333333333333,24,24,2021,8,1
2021-08-03,15.9375,21.2,82.375,23,24,2021,8,1
2021-08-04,16.391666666666666,19.0,82.375,24,24,2021,8,1
2021-08-05,17.870833333333334,23.6,78.5,18,24,2021,8,1
2021-08-06,17.341666666666665,21.5,81.79166666666667,23,24,2021,8,1
2021-08-07,16.495833333333334,22.8,84.20833333333333,20,24,2021,8,1
2021-08-08,16.483333333333334,21.0,74.125,16,24,2021,8,1
2021-08-09,17.341666666666665,23.1,69.95833333333333,15,24,2021,8,1
2021-08-10,18.470833333333335,23.5,70.58333333333333,16,24,2021,8,1
2021-08-11,20.141666666666666,25.4,68.83333333333333,14,24,2021,8,1
2021-08-12,21.020833333333332,27.9,69.125,14,24,2021,8,1
2021-08-13,22.508333333333336,28.8,74.0,17,24,2021,8,1
2021-08-14,22.795833333333334,29.7,64.04166666666667,14,24,2021,8,1
2021-08-15,22.287499999999998,29.1,67.16666666666667,13,24,2021,8,1
2021-08-16,18.35,22.3,73.16666666666667,15,24,2021,8,1
2021-08-17,13.370833333333332,16.9,78.25,24,24,2021,8,0
2021-08-18,15.983333333333334,19.2,82.375,24,24,2021,8,1
2021-08-19,17.775000000000002,20.5,79.95833333333333,24,24,2021,8,1
2021-08-20,19.037499999999998,24.1,72.66666666666667,17,24,2021,8,1
2021-08-21,19.541666666666668,26.7,72.875,16,24,2021,8,1
2021-08-22,17.045833333333334,20.5,89.08333333333333,24,24,2021,8,1
2021-08-23,15.920833333333334,19.7,84.41666666666667,24,24,2021,8,1
2021-08-24,14.758333333333333,18.5,78.75,24,24,2021,8,0
2021-08-25,16.150000000000002,22.2,69.29166666666667,15,24,2021,8,1
2021-08-26,15.879166666666668,20.6,74.04166666666667,16,24,2021,8,1
2021-08-27,13.654166666666667,16.8,84.125,24,24,2021,8,0
2021-08-28,13.908333333333333,18.3,84.79166666666667,24,24,2021,8,0
2021-08-29,14.116666666666667,15.4,93.83333333333333,24,24,2021,8,0
2021-08-30,15.575000000000001,18.3,88.04166666666667,24,24,2021,8,1
2021-08-31,16.1375,19.9,78.0,22,24,2021,8,1
2021-09-01,15.545833333333334,21.0,77.0,20,24,2021,9,1
2021-09-02,16.25,22.8,74.375,18,24,2021,9,1
2021-09-03,17.191666666666666,24.2,71.91666666666667,15,24,2021,9,1
2021-09-04,17.920833333333334,25.3,71.75,16,24,2021,9,1
2021-09-05,18.695833333333333,26.0,70.20833333333333,15,24,2021,9,1
2021-09-06,18.970833333333335,26.3,70.375,16,24,2021,9,1
2021-09-07,18.587500000000002,25.5,73.70833333333333,18,24,2021,9,1
2021-09-08,18.866666666666667,25.5,67.33333333333333,15,24,2021,9,1
2021-09-09,19.662499999999998,27.4,71.16666666666667,17,24,2021,9,1
2021-09-10,20.729166666666668,25.8,67.79166666666667,16,24,2021,9,1
2021-09-11,19.220833333333335,23.8,82.83333333333333,24,24,2021,9,1
2021-09-12,17.9875,23.1,77.29166666666667,18,24,2021,9,1
2021-09-13,17.320833333333333,23.9,75.04166666666667,18,24,2021,9,1
2021-09-14,19.729166666666668,27.5,73.29166666666667,18,24,2021,9,1
2021-09-15,18.652173913043477,21.2,88.73913043478261,23,23,2021,9,1
2021-09-16,16.45,17.9,81.79166666666667,24,24,2021,9,1
2021-09-17,15.0625,19.5,79.95833333333333,22,24,2021,9,1
2021-09-18,14.904166666666667,20.9,77.83333333333333,19,24,2021,9,0
2021-09-19,13.045833333333334,16.8,79.20833333333333,24,24,2021,9,0
2021-09-20,12.491666666666667,16.0,66.79166666666667,15,24,2021,9,0
2021-09-21,12.295833333333334,16.9,64.375,14,24,2021,9,0
2021-09-22,11.995833333333332,18.2,78.375,19,24,2021,9,0
2021-09-23,14.637500000000001,22.8,70.875,16,24,2021,9,0
2021-09-24,15.883333333333333,21.8,75.54166666666667,23,24,2021,9,1
2021-09-25,16.3125,23.8,71.20833333333333,16,24,2021,9,1
2021-09-26,17.941666666666666,24.4,79.91666666666667,21,24,2021,9,1
2021-09-27,17.9375,22.9,82.33333333333333,22,24,2021,9,1
2021-09-28,13.954166666666666,17.7,75.625,19,24,2021,9,0
2021-09-29,13.091666666666667,18.1,79.04166666666667,21,24,2021,9,0
2021-09-30,10.549999999999999,16.2,72.91666666666667,18,24,2021,9,0
2021-10-01,12.049999999999999,20.7,72.29166666666667,17,24,2021,10,0
2021-10-02,15.583333333333334,22.4,69.875,17,24,2021,10,1
2021-10-03,17.104166666666668,21.4,71.5,19,24,2021,10,1
2021-10-04,12.674999999999999,14.4,87.33333333333333,24,24,2021,10,0
2021-10-05,12.1625,15.0,90.5,24,24,2021,10,0
2021-10-06,10.674999999999999,14.5,83.75,24,24,2021,10,0
2021-10-07,10.658333333333333,15.3,84.875,23,24,2021,10,0
2021-10-08,10.495833333333334,17.0,82.75,23,24,2021,10,0
2021-10-09,9.933333333333334,16.3,70.95833333333333,16,24,2021,10,0
2021-10-10,7.4624999999999995,13.9,73.58333333333333,17,24,2021,10,0
2021-10-11,6.3500000000000005,12.3,90.08333333333333,24,24,2021,10,0
2021-10-12,8.558333333333334,11.3,90.70833333333333,24,24,2021,10,0
2021-10-13,7.716666666666666,12.2,83.70833333333333,24,24,2021,10,0
2021-10-14,8.804166666666667,11.7,87.33333333333333,24,24,2021,10,0
2021-10-15,9.295833333333333,15.2,85.33333333333333,24,24,2021,10,0
2021-10-16,6.925,12.3,89.91666666666667,24,24,2021,10,0
2021-10-17,7.329166666666667,11.9,86.91666666666667,24,24,2021,10,0
2021-10-18,7.0375000000000005,10.8,92.66666666666667,24,24,2021,10,0
2021-10-19,8.808333333333334,14.5,94.04166666666667,24,24,2021,10,0
2021-10-20,13.579166666666666,18.6,79.66666666666667,23,24,2021,10,0
2021-10-21,11.541666666666666,14.8,76.70833333333333,18,24,2021,10,0
2021-10-22,7.170833333333333,11.0,78.08333333333333,21,24,2021,10,0
2021-10-23,7.120833333333334,10.5,83.45833333333333,24,24,2021,10,0
2021-10-24,5.458333333333333,12.8,79.08333333333333,19,24,2021,10,0
2021-10-25,5.954166666666667,14.4,86.375,23,24,2021,10,0
2021-10-26,9.525,13.8,87.79166666666667,24,24,2021,10,0
2021-10-27,8.929166666666667,13.9,91.08333333333333,24,24,2021,10,0
2021-10-28,6.154166666666666,8.6,95.95833333333333,24,24,2021,10,0
2021-10-29,6.05,8.5,94.91666666666667,24,24,2021,10,0
2021-10-30,6.216666666666666,10.9,93.625,24,24,2021,10,0
2021-10-31,12.6875,18.9,78.45833333333333,21,24,2021,10,0
2021-11-01,9.579166666666667,11.5,90.79166666666667,24,24,2021,11,0
2021-11-02,7.266666666666667,11.3,89.95833333333333,24,24,2021,11,0
2021-11-03,6.625,8.9,92.70833333333333,24,24,2021,11,0
2021-11-04,6.325,7.0,94.04166666666667,24,24,2021,11,0
2021-11-05,6.383333333333333,8.3,90.20833333333333,24,24,2021,11,0
2021-11-06,3.375,7.4,96.875,24,24,2021,11,0
2021-11-07,5.625,7.6,89.66666666666667,24,24,2021,11,0
2021-11-08,5.8999999999999995,9.2,86.16666666666667,24,24,2021,11,0
2021-11-09,5.5125,10.5,83.91666666666667,23,24,2021,11,0
2021-11-10,2.4875000000000003,7.6,91.0,24,24,2021,11,0
2021-11-11,0.8583333333333333,2.5,99.95833333333333,24,24,2021,11,0
2021-11-12,1.5708333333333335,3.5,99.91666666666667,24,24,2021,11,0
2021-11-13,4.4624999999999995,6.6,96.83333333333333,24,24,2021,11,0
2021-11-14,7.466666666666666,9.7,91.66666666666667,24,24,2021,11,0
2021-11-15,6.783333333333334,7.4,84.875,24,24,2021,11,0
2021-11-16,5.6875,6.3,87.875,24,24,2021,11,0
2021-11-17,4.970833333333333,5.5,90.0,24,24,2021,11,0
2021-11-18,5.95,8.5,87.625,24,24,2021,11,0
2021-11-19,6.216666666666666,7.0,91.54166666666667,24,24,2021,11,0
2021-11-20,7.25,9.5,86.58333333333333,24,24,2021,11,0
2021-11-21,4.708333333333333,5.5,90.08333333333333,24,24,2021,11,0
2021-11-22,4.279166666666667,6.6,82.25,24,24,2021,11,0
2021-11-23,1.0458333333333334,5.7,80.29166666666667,21,24,2021,11,0
2021-11-24,2.779166666666667,6.8,83.45833333333333,24,24,2021,11,0
2021-11-25,1.2916666666666667,1.9,82.5,24,24,2021,11,0
2021-11-26,1.55,2.7,86.375,24,24,2021,11,0
2021-11-27,2.033333333333333,4.1,88.70833333333333,24,24,2021,11,0
2021-11-28,1.0708333333333333,2.9,91.04166666666667,24,24,2021,11,0
2021-11-29,1.1125,2.5,88.375,24,24,2021,11,0
2021-11-30,2.2125,4.1,91.79166666666667,24,24,2021,11,0
2021-12-01,6.041666666666667,8.1,86.375,24,24,2021,12,0
2021-12-02,2.470833333333333,5.8,90.91666666666667,24,24,2021,12,0
2021-12-03,0.18333333333333332,0.9,86.79166666666667,24,24,2021,12,0
2021-12-04,1.7291666666666667,5.2,95.16666666666667,24,24,2021,12,0
2021-12-05,2.45,5.8,87.79166666666667,24,24,2021,12,0
2021-12-06,0.9041666666666667,2.5,95.375,24,24,2021,12,0
2021-12-07,1.6375,4.6,89.0,24,24,2021,12,0
2021-12-08,0.9125,2.0,94.5,24,24,2021,12,0
2021-12-09,2.2708333333333335,3.7,91.66666666666667,24,24,2021,12,0
2021-12-10,1.175,2.8,89.75,24,24,2021,12,0
2021-12-11,1.8958333333333333,2.9,89.91666666666667,24,24,2021,12,0
2021-12-12,2.7375000000000003,4.0,87.70833333333333,24,24,2021,12,0
2021-12-13,5.4125000000000005,6.7,99.25,24,24,2021,12,0
2021-12-14,5.3125,6.2,98.45833333333333,24,24,2021,12,0
2021-12-15,5.145833333333333,6.9,96.95833333333333,24,24,2021,12,0
2021-12-16,6.3500000000000005,8.3,90.79166666666667,24,24,2021,12,0
2021-12-17,2.954166666666667,6.7,97.125,24,24,2021,12,0
2021-12-18,1.9833333333333334,2.7,96.83333333333333,24,24,2021,12,0
2021-12-19,4.0249999999999995,5.2,88.66666666666667,24,24,2021,12,0
2021-12-20,2.091666666666667,5.1,79.5,21,24,2021,12,0
2021-12-21,-2.4458333333333333,2.0,87.20833333333333,24,24,2021,12,0
2021-12-22,-3.8249999999999997,0.1,86.66666666666667,24,24,2021,12,0
2021-12-23,-1.7125000000000001,5.1,89.08333333333333,24,24,2021,12,0
2021-12-24,7.095833333333334,8.2,91.79166666666667,24,24,2021,12,0
2021-12-25,1.8333333333333333,6.2,96.5,24,24,2021,12,0
2021-12-26,0.07083333333333333,1.9,95.625,24,24,2021,12,0
2021-12-27,3.716666666666667,5.9,97.58333333333333,24,24,2021,12,0
2021-12-28,6.8875,9.5,94.70833333333333,24,24,2021,12,0
2021-12-29,8.216666666666667,9.6,90.83333333333333,24,24,2021,12,0
2021-12-30,12.458333333333334,14.5,87.20833333333333,24,24,2021,12,0
2021-12-31,11.391666666666666,13.9,85.29166666666667,24,24,2021,12,0
2022-01-01,9.595833333333333,12.4,90.125,24,24,2022,1,0
2022-01-02,7.079166666666667,11.2,86.04166666666667,24,24,2022,1,0
2022-01-03,8.895833333333334,11.6,84.70833333333333,24,24,2022,1,0
2022-01-04,7.054166666666667,10.5,95.125,24,24,2022,1,0
2022-01-05,2.8666666666666667,5.1,79.58333333333333,24,24,2022,1,0
2022-01-06,2.0166666666666666,5.4,82.125,24,24,2022,1,0
2022-01-07,0.06666666666666667,1.7,91.45833333333333,24,24,2022,1,0
2022-01-08,1.175,2.6,87.375,24,24,2022,1,0
2022-01-09,2.9791666666666665,4.0,87.625,24,24,2022,1,0
2022-01-10,2.1374999999999997,4.2,90.54166666666667,24,24,2022,1,0
2022-01-11,2.65,4.0,84.16666666666667,24,24,2022,1,0
2022-01-12,1.075,3.1,77.875,24,24,2022,1,0
2022-01-13,0.5333333333333333,3.2,87.5,24,24,2022,1,0
2022-01-14,-0.6333333333333333,7.0,94.08333333333333,24,24,2022,1,0
2022-01-15,0.7583333333333333,2.4,93.5,24,24,2022,1,0
2022-01-16,0.7291666666666666,2.1,90.20833333333333,24,24,2022,1,0
2022-01-17,3.65,4.7,86.45833333333333,24,24,2022,1,0
2022-01-18,4.495833333333334,6.2,85.16666666666667,24,24,2022,1,0
2022-01-19,2.345833333333333,4.1,82.16666666666667,24,24,2022,1,0
2022-01-20,1.9458333333333335,3.3,83.29166666666667,24,24,2022,1,0
2022-01-21,1.175,3.1,81.58333333333333,24,24,2022,1,0
2022-01-22,3.7291666666666665,4.6,87.70833333333333,24,24,2022,1,0
2022-01-23,4.0874999999999995,5.2,81.5,24,24,2022,1,0
2022-01-24,3.35,4.0,81.16666666666667,24,24,2022,1,0
2022-01-25,-0.8416666666666667,0.4,97.875,24,24,2022,1,0
2022-01-26,0.025000000000000005,0.3,89.125,24,24,2022,1,0
2022-01-27,0.25416666666666665,3.6,88.29166666666667,24,24,2022,1,0
2022-01-28,3.404166666666667,6.1,79.79166666666667,24,24,2022,1,0
2022-01-29,3.8791666666666664,6.6,87.20833333333333,24,24,2022,1,0
2022-01-30,4.7875000000000005,6.8,67.625,21,24,2022,1,0
2022-01-31,2.5500000000000003,4.0,85.33333333333333,24,24,2022,1,0
2022-02-01,2.9333333333333336,5.8,81.875,24,24,2022,2,0
2022-02-02,5.645833333333333,8.3,74.20833333333333,22,24,2022,2,0
2022-02-03,5.95,8.1,85.91666666666667,24,24,2022,2,0
2022-02-04,5.4875,6.5,82.08333333333333,24,24,2022,2,0
2022-02-05,3.025,5.5,75.41666666666667,24,24,2022,2,0
2022-02-06,4.325,5.5,81.375,24,24,2022,2,0
2022-02-07,3.1166666666666667,5.3,76.04166666666667,24,24,2022,2,0
2022-02-08,4.3875,6.5,82.95833333333333,24,24,2022,2,0
2022-02-09,7.345833333333334,11.8,79.66666666666667,24,24,2022,2,0
2022-02-10,4.541666666666667,7.5,82.16666666666667,24,24,2022,2,0
2022-02-11,3.3541666666666665,6.1,76.41666666666667,21,24,2022,2,0
2022-02-12,0.9791666666666666,5.8,78.33333333333333,20,24,2022,2,0
2022-02-13,2.8958333333333335,10.9,73.66666666666667,19,24,2022,2,0
2022-02-14,7.1625000000000005,12.7,64.0,15,24,2022,2,0
2022-02-15,5.95,8.1,78.75,24,24,2022,2,0
2022-02-16,7.3625,11.4,82.125,24,24,2022,2,0
2022-02-17,9.541666666666666,11.7,68.29166666666667,17,24,2022,2,0
2022-02-18,9.058333333333334,13.6,69.16666666666667,20,24,2022,2,0
2022-02-19,5.7875000000000005,7.4,51.583333333333336,4,24,2022,2,0
2022-02-20,6.616666666666667,9.3,77.79166666666667,24,24,2022,2,0
2022-02-21,5.7749999999999995,9.3,71.5,19,24,2022,2,0
2022-02-22,5.6125,7.8,75.16666666666667,22,24,2022,2,0
2022-02-23,6.6125,11.3,72.66666666666667,19,24,2022,2,0
2022-02-24,6.516666666666667,11.4,73.58333333333333,21,24,2022,2,0
2022-02-25,2.875,6.3,76.70833333333333,23,24,2022,2,0
2022-02-26,3.158333333333333,6.2,72.20833333333333,18,24,2022,2,0
2022-02-27,3.1291666666666664,7.2,64.08333333333333,13,24,2022,2,0
2022-02-28,2.795833333333333,8.6,59.041666666666664,10,24,2022,2,0
2022-03-01,1.6291666666666667,6.7,53.041666666666664,9,24,2022,3,0
2022-03-02,1.5,6.8,60.083333333333336,13,24,2022,3,0
2022-03-03,2.225,9.5,58.583333333333336,11,24,2022,3,0
2022-03-04,1.6291666666666667,7.3,65.41666666666667,17,24,2022,3,0
2022-03-05,1.2416666666666665,5.6,62.125,11,24,2022,3,0
2022-03-06,1.6624999999999999,4.5,53.458333333333336,7,24,2022,3,0
2022-03-07,0.2166666666666667,4.6,52.458333333333336,4,24,2022,3,0
2022-03-08,2.025,8.6,54.166666666666664,11,24,2022,3,0
2022-03-09,4.045833333333333,12.1,48.958333333333336,9,24,2022,3,0
2022-03-10,5.579166666666667,13.5,48.708333333333336,8,24,2022,3,0
2022-03-11,5.254166666666666,11.8,40.083333333333336,4,24,2022,3,0
2022-03-12,4.741666666666666,10.8,34.0,0,24,2022,3,0
2022-03-13,6.175,13.7,34.666666666666664,0,24,2022,3,0
2022-03-14,6.016666666666667,11.5,67.04166666666667,13,24,2022,3,0
2022-03-15,4.9375,8.9,86.66666666666667,24,24,2022,3,0
2022-03-16,6.825,12.4,79.66666666666667,22,24,2022,3,0
2022-03-17,7.954166666666667,11.1,73.25,24,24,2022,3,0
2022-03-18,7.4875,11.0,70.41666666666667,21,24,2022,3,0
2022-03-19,5.908333333333334,11.5,61.833333333333336,16,24,2022,3,0
2022-03-20,8.725,15.4,45.666666666666664,0,24,2022,3,0
2022-03-21,7.495833333333334,14.0,43.0,1,24,2022,3,0
2022-03-22,7.833333333333333,16.4,44.125,8,24,2022,3,0
2022-03-23,8.995833333333334,18.0,41.75,7,24,2022,3,0
2022-03-24,10.108333333333333,18.7,43.25,5,24,2022,3,0
2022-03-25,10.379166666666666,18.0,45.416666666666664,8,24,2022,3,0
2022-03-26,10.829166666666666,17.8,45.916666666666664,3,24,2022,3,0
2022-03-27,11.870833333333332,19.2,58.958333333333336,14,24,2022,3,0
2022-03-28,12.329166666666666,20.5,56.458333333333336,10,24,2022,3,0
2022-03-29,11.174999999999999,16.2,61.583333333333336,14,24,2022,3,0
2022-03-30,6.704166666666667,9.4,82.83333333333333,24,24,2022,3,0
2022-03-31,4.891666666666667,6.9,82.83333333333333,24,24,2022,3,0
2022-04-01,0.24166666666666667,2.3,92.04166666666667,24,24,2022,4,0
2022-04-02,0.5416666666666666,2.5,76.83333333333333,24,24,2022,4,0
2022-04-03,1.1375,4.4,60.333333333333336,12,24,2022,4,0
2022-04-04,2.891666666666666,6.8,63.041666666666664,14,24,2022,4,0
2022-04-05,6.5249999999999995,8.6,81.5,24,24,2022,4,0
2022-04-06,10.741666666666667,14.0,69.08333333333333,17,24,2022,4,0
2022-04-07,9.875,13.1,72.375,18,24,2022,4,0
2022-04-08,4.3999999999999995,8.3,76.66666666666667,19,24,2022,4,0
2022-04-09,3.279166666666667,7.8,80.70833333333333,22,24,2022,4,0
2022-04-10,4.3500000000000005,8.4,69.83333333333333,17,24,2022,4,0
2022-04-11,7.245833333333334,14.0,63.541666666666664,12,24,2022,4,0
2022-04-12,12.133333333333333,19.5,52.041666666666664,8,24,2022,4,0
2022-04-13,15.145833333333334,22.3,49.5,5,24,2022,4,0
2022-04-14,14.308333333333332,20.3,69.25,17,24,2022,4,0
2022-04-15,12.470833333333333,18.3,67.0,15,24,2022,4,0
2022-04-16,9.35,13.6,54.125,10,24,2022,4,0
2022-04-17,8.708333333333334,14.8,48.0,8,24,2022,4,0
2022-04-18,10.137500000000001,16.0,47.75,8,24,2022,4,0
2022-04-19,10.4625,17.1,48.083333333333336,6,24,2022,4,0
2022-04-20,9.4125,15.6,50.958333333333336,9,24,2022,4,0
2022-04-21,10.320833333333333,15.0,64.66666666666667,14,24,2022,4,0
2022-04-22,11.541666666666666,18.3,61.75,13,24,2022,4,0
2022-04-23,11.441666666666668,14.3,64.83333333333333,16,24,2022,4,0
2022-04-24,9.191666666666666,10.3,79.0,22,24,2022,4,0
2022-04-25,9.65,13.6,80.04166666666667,22,24,2022,4,0
2022-04-26,8.808333333333334,11.1,87.0,24,24,2022,4,0
2022-04-27,10.879166666666668,16.1,71.95833333333333,15,24,2022,4,0
2022-04-28,12.075000000000001,18.8,59.958333333333336,11,24,2022,4,0
2022-04-29,12.924999999999999,18.8,59.375,10,24,2022,4,0
2022-04-30,11.616666666666667,15.0,75.25,22,24,2022,4,0
2022-05-01,11.525,16.2,77.25,21,24,2022,5,0
2022-05-02,14.295833333333334,19.0,64.20833333333333,14,24,2022,5,0
2022-05-03,15.479166666666666,21.5,61.0,12,24,2022,5,1
2022-05-04,13.570833333333333,19.8,78.33333333333333,23,24,2022,5,0
2022-05-05,13.454166666666666,18.3,82.125,22,24,2022,5,0
2022-05-06,14.366666666666667,18.8,61.291666666666664,11,24,2022,5,0
2022-05-07,15.379166666666668,20.9,57.958333333333336,11,24,2022,5,1
2022-05-08,15.799999999999999,21.9,64.20833333333333,15,24,2022,5,1
2022-05-09,16.908333333333335,22.8,58.5,11,24,2022,5,1
2022-05-10,18.25,24.6,61.416666666666664,12,24,2022,5,1
2022-05-11,21.758333333333336,27.9,51.833333333333336,8,24,2022,5,1
2022-05-12,19.141666666666666,22.7,57.458333333333336,13,24,2022,5,1
2022-05-13,16.625,20.2,53.791666666666664,10,24,2022,5,1
2022-05-14,16.354166666666668,23.3,57.375,10,24,2022,5,1
2022-05-15,18.054166666666667,24.5,54.916666666666664,10,24,2022,5,1
2022-05-16,17.958333333333332,26.6,69.375,19,24,2022,5,1
2022-05-17,18.870833333333334,24.1,67.125,13,24,2022,5,1
2022-05-18,21.133333333333333,27.1,59.25,11,24,2022,5,1
2022-05-19,20.645833333333332,29.8,58.916666666666664,12,24,2022,5,1
2022-05-20,21.179166666666667,30.4,70.95833333333333,16,24,2022,5,1
2022-05-21,15.904166666666667,19.6,59.208333333333336,11,24,2022,5,1
2022-05-22,17.095833333333335,22.5,58.708333333333336,10,24,2022,5,1
2022-05-23,18.116666666666667,24.0,70.08333333333333,20,24,2022,5,1
2022-05-24,16.520833333333332,20.2,62.75,11,24,2022,5,1
2022-05-25,16.191666666666666,21.4,54.25,9,24,2022,5,1
2022-05-26,16.804166666666667,20.3,56.041666666666664,7,24,2022,5,1
2022-05-27,14.870833333333332,17.5,70.20833333333333,21,24,2022,5,0
2022-05-28,12.862499999999999,18.1,52.708333333333336,10,24,2022,5,0
2022-05-29,10.5875,14.6,64.5,15,24,2022,5,0
2022-05-30,11.795833333333334,16.8,61.125,12,24,2022,5,0
2022-05-31,15.225,22.2,55.208333333333336,11,24,2022,5,1
2022-06-01,16.491666666666667,23.4,58.166666666666664,9,24,2022,6,1
2022-06-02,15.700000000000001,20.8,50.208333333333336,7,24,2022,6,1
2022-06-03,18.583333333333332,27.5,66.33333333333333,15,24,2022,6,1
2022-06-04,19.158333333333335,23.6,80.375,23,24,2022,6,1
2022-06-05,17.883333333333333,22.6,82.375,24,24,2022,6,1
2022-06-06,18.395833333333332,22.5,71.91666666666667,18,24,2022,6,1
2022-06-07,17.916666666666668,21.6,63.958333333333336,14,24,2022,6,1
2022-06-08,17.304166666666667,23.4,72.58333333333333,16,24,2022,6,1
2022-06-09,15.854166666666666,19.5,73.75,19,24,2022,6,1
2022-06-10,17.683333333333334,24.4,62.041666666666664,12,24,2022,6,1
2022-06-11,19.641666666666666,27.2,59.291666666666664,11,24,2022,6,1
2022-06-12,21.65416666666667,27.5,55.666666666666664,8,24,2022,6,1
2022-06-13,18.45,22.4,49.208333333333336,5,24,2022,6,0
2022-06-14,18.325,25.0,47.416666666666664,7,24,2022,6,1
2022-06-15,22.041666666666668,30.2,43.5,6,24,2022,6,1
2022-06-16,22.1125,28.2,46.541666666666664,6,24,2022,6,1
2022-06-17,21.40833333333333,28.1,43.541666666666664,4,24,2022,6,0
2022-06-18,25.541666666666668,34.8,45.541666666666664,8,24,2022,6,1
2022-06-19,27.575,34.8,45.958333333333336,7,24,2022,6,1
2022-06-20,18.525000000000002,24.3,63.958333333333336,19,24,2022,6,1
2022-06-21,18.445833333333333,26.4,51.208333333333336,8,24,2022,6,1
2022-06-22,21.45,27.8,52.291666666666664,9,24,2022,6,1
2022-06-23,23.791666666666668,31.2,61.208333333333336,11,24,2022,6,1
2022-06-24,21.166666666666668,27.3,69.25,16,24,2022,6,1
2022-06-25,21.358333333333334,27.6,61.541666666666664,11,24,2022,6,1
2022-06-26,23.1875,30.1,57.25,11,24,2022,6,1
2022-06-27,19.775000000000002,23.2,77.33333333333333,22,24,2022,6,1
2022-06-28,20.962500000000002,27.1,51.875,8,24,2022,6,1
2022-06-29,22.233333333333334,28.3,63.833333333333336,13,24,2022,6,1
2022-06-30,24.120833333333334,32.3,61.708333333333336,10,24,2022,6,1
2022-07-01,15.887500000000001,19.6,79.95833333333333,22,24,2022,7,1
2022-07-02,19.529166666666665,26.6,58.125,11,24,2022,7,1
2022-07-03,23.162499999999998,31.0,48.458333333333336,7,24,2022,7,1
2022-07-04,22.537499999999998,27.8,44.833333333333336,5,24,2022,7,0
2022-07-05,22.004166666666666,27.9,41.791666666666664,4,24,2022,7,0
2022-07-06,19.345833333333335,24.0,46.708333333333336,3,24,2022,7,0
2022-07-07,16.883333333333333,20.1,66.45833333333333,19,24,2022,7,1
2022-07-08,17.908333333333335,23.5,53.583333333333336,9,24,2022,7,1
2022-07-09,19.270833333333332,24.2,61.291666666666664,13,24,2022,7,1
2022-07-10,16.429166666666667,19.8,58.5,11,24,2022,7,1
2022-07-11,17.808333333333334,23.4,67.91666666666667,18,24,2022,7,1
2022-07-12,20.675,29.1,56.125,10,24,2022,7,1
2022-07-13,24.004166666666666,32.5,42.583333333333336,8,24,2022,7,1
2022-07-14,23.520833333333332,30.0,44.208333333333336,2,24,2022,7,0
2022-07-15,18.625,23.6,47.291666666666664,5,24,2022,7,0
2022-07-16,18.8875,24.9,47.166666666666664,6,24,2022,7,1
2022-07-17,20.604166666666668,27.9,38.458333333333336,4,24,2022,7,0
2022-07-18,23.708333333333332,32.3,35.333333333333336,1,24,2022,7,0
2022-07-19,26.866666666666664,36.1,35.166666666666664,3,24,2022,7,0
2022-07-20,28.2625,37.2,39.666666666666664,3,24,2022,7,0
2022-07-21,22.7375,28.2,64.25,14,24,2022,7,1
2022-07-22,23.429166666666664,30.4,56.041666666666664,9,24,2022,7,1
2022-07-23,23.25,29.0,56.041666666666664,11,24,2022,7,1
2022-07-24,24.97083333333333,31.7,45.666666666666664,6,24,2022,7,1
2022-07-25,26.545833333333334,34.9,47.666666666666664,7,24,2022,7,1
2022-07-26,22.066666666666666,26.8,54.166666666666664,9,24,2022,7,1
2022-07-27,19.616666666666667,24.1,57.791666666666664,10,24,2022,7,1
2022-07-28,21.279166666666665,28.3,43.708333333333336,5,24,2022,7,0
2022-07-29,20.679166666666667,27.0,59.541666666666664,9,24,2022,7,1
2022-07-30,20.099999999999998,27.5,68.20833333333333,15,24,2022,7,1
2022-07-31,22.729166666666668,28.8,53.666666666666664,8,24,2022,7,1
2022-08-01,23.287499999999998,27.4,54.75,10,24,2022,8,1
2022-08-02,23.954166666666666,30.4,48.791666666666664,8,24,2022,8,1
2022-08-03,25.833333333333332,34.1,44.291666666666664,6,24,2022,8,1
2022-08-04,28.59583333333333,37.7,39.958333333333336,5,24,2022,8,0
2022-08-05,24.958333333333332,31.1,51.625,7,24,2022,8,1
2022-08-06,19.825,25.0,42.708333333333336,6,24,2022,8,1
2022-08-07,20.666666666666668,27.3,37.583333333333336,0,24,2022,8,0
2022-08-08,22.545833333333334,28.8,34.833333333333336,0,24,2022,8,0
2022-08-09,23.3875,29.9,35.5,0,24,2022,8,0
2022-08-10,23.34166666666667,29.0,35.458333333333336,0,24,2022,8,0
2022-08-11,23.5625,29.8,35.791666666666664,2,24,2022,8,0
2022-08-12,23.1375,29.3,37.333333333333336,0,24,2022,8,0
2022-08-13,23.258333333333336,30.8,43.458333333333336,5,24,2022,8,0
2022-08-14,24.75,31.5,50.75,8,24,2022,8,1
2022-08-15,23.325,28.0,52.708333333333336,6,24,2022,8,1
2022-08-16,22.3125,29.7,56.083333333333336,10,24,2022,8,1
2022-08-17,22.770833333333332,30.2,54.041666666666664,10,24,2022,8,1
2022-08-18,22.354166666666668,27.5,62.875,16,24,2022,8,1
2022-08-19,21.620833333333334,25.6,66.33333333333333,18,24,2022,8,1
2022-08-20,20.395833333333332,26.7,74.58333333333333,23,24,2022,8,1
2022-08-21,20.8875,27.6,61.125,11,24,2022,8,1
2022-08-22,21.412499999999998,28.1,50.666666666666664,8,24,2022,8,1
2022-08-23,21.995833333333334,29.0,50.208333333333336,9,24,2022,8,1
2022-08-24,23.054166666666664,30.3,52.875,10,24,2022,8,1
2022-08-25,23.6375,31.0,58.041666666666664,10,24,2022,8,1
2022-08-26,22.683333333333334,31.1,66.41666666666667,16,24,2022,8,1
2022-08-27,19.4375,21.4,85.29166666666667,24,24,2022,8,1
2022-08-28,20.375,24.9,64.83333333333333,12,24,2022,8,1
2022-08-29,19.704166666666666,26.1,54.0,8,24,2022,8,1
2022-08-30,20.745833333333334,28.3,51.625,9,24,2022,8,1
2022-08-31,19.441666666666666,23.6,59.583333333333336,14,24,2022,8,1
2022-09-01,18.337500000000002,22.9,58.916666666666664,10,24,2022,9,1
2022-09-02,18.141666666666666,23.7,49.333333333333336,8,24,2022,9,1
2022-09-03,18.150000000000002,24.4,61.041666666666664,11,24,2022,9,1
2022-09-04,18.849999999999998,24.9,73.08333333333333,15,24,2022,9,1
2022-09-05,20.941666666666666,27.8,60.625,11,24,2022,9,1
2022-09-06,22.425,30.2,53.958333333333336,11,24,2022,9,1
2022-09-07,22.233333333333334,28.9,58.458333333333336,10,24,2022,9,1
2022-09-08,18.075,21.8,71.04166666666667,18,24,2022,9,1
2022-09-09,16.654166666666665,21.1,71.83333333333333,19,24,2022,9,1
2022-09-10,15.570833333333333,18.9,81.125,24,24,2022,9,1
2022-09-11,16.425,21.8,79.5,21,24,2022,9,1
2022-09-12,15.733333333333334,23.1,80.125,19,24,2022,9,1
2022-09-13,16.349999999999998,21.2,82.04166666666667,24,24,2022,9,1
2022-09-14,17.804166666666667,21.2,90.83333333333333,24,24,2022,9,1
2022-09-15,15.833333333333334,18.1,79.875,23,24,2022,9,1
2022-09-16,13.066666666666668,16.8,71.875,19,24,2022,9,0
2022-09-17,10.270833333333334,14.1,77.625,22,24,2022,9,0
2022-09-18,9.904166666666667,12.9,83.20833333333333,24,24,2022,9,0
2022-09-19,10.179166666666667,12.7,82.91666666666667,24,24,2022,9,0
2022-09-20,10.370833333333334,14.1,80.75,24,24,2022,9,0
2022-09-21,9.229166666666666,15.7,80.5,18,24,2022,9,0
2022-09-22,10.0,17.4,73.5,16,24,2022,9,0
2022-09-23,11.254166666666668,18.5,72.08333333333333,17,24,2022,9,0
2022-09-24,13.279166666666667,19.1,77.54166666666667,22,24,2022,9,0
2022-09-25,12.2875,14.5,89.95833333333333,24,24,2022,9,0
2022-09-26,11.266666666666666,15.0,81.70833333333333,24,24,2022,9,0
2022-09-27,9.220833333333333,11.3,85.79166666666667,24,24,2022,9,0
2022-09-28,8.987499999999999,12.7,81.375,24,24,2022,9,0
2022-09-29,8.383333333333333,13.5,85.41666666666667,23,24,2022,9,0
2022-09-30,8.475,15.2,82.83333333333333,19,24,2022,9,0
2022-10-01,10.35,13.2,87.875,24,24,2022,10,0
2022-10-02,12.141666666666666,13.0,91.83333333333333,24,24,2022,10,0
2022-10-03,10.883333333333333,15.0,83.91666666666667,23,24,2022,10,0
2022-10-04,10.262500000000001,17.0,84.70833333333333,23,24,2022,10,0
2022-10-05,13.470833333333333,20.3,81.25,24,24,2022,10,0
2022-10-06,14.070833333333333,18.3,70.25,15,24,2022,10,0
2022-10-07,11.4,18.3,83.16666666666667,24,24,2022,10,0
2022-10-08,12.424999999999999,16.6,81.29166666666667,22,24,2022,10,0
2022-10-09,9.674999999999999,16.7,76.54166666666667,18,24,2022,10,0
2022-10-10,12.954166666666666,20.5,76.45833333333333,20,24,2022,10,0
2022-10-11,12.200000000000001,15.9,80.41666666666667,24,24,2022,10,0
2022-10-12,10.495833333333334,16.0,85.0,24,24,2022,10,0
2022-10-13,12.0875,15.4,89.625,24,24,2022,10,0
2022-10-14,13.533333333333333,16.2,90.41666666666667,24,24,2022,10,0
2022-10-15,15.125,17.6,90.875,24,24,2022,10,1
2022-10-16,16.370833333333334,21.3,89.125,24,24,2022,10,1
2022-10-17,16.304166666666667,24.2,81.16666666666667,20,24,2022,10,1
2022-10-18,14.8125,18.1,91.41666666666667,24,24,2022,10,0
2022-10-19,11.475,13.6,94.04166666666667,24,24,2022,10,0
2022-10-20,10.208333333333334,14.0,87.29166666666667,24,24,2022,10,0
2022-10-21,12.791666666666666,16.2,95.04166666666667,24,24,2022,10,0
2022-10-22,14.262500000000001,19.0,85.25,24,24,2022,10,0
2022-10-23,13.479166666666666,19.1,84.79166666666667,24,24,2022,10,0
2022-10-24,14.645833333333334,17.1,84.45833333333333,24,24,2022,10,0
2022-10-25,12.754166666666668,16.8,82.5,24,24,2022,10,0
2022-10-26,13.195833333333333,20.0,87.33333333333333,24,24,2022,10,0
2022-10-27,13.237499999999999,20.8,87.41666666666667,24,24,2022,10,0
2022-10-28,15.2875,21.4,85.875,24,24,2022,10,1
2022-10-29,14.979166666666666,21.8,86.16666666666667,24,24,2022,10,0
2022-10-30,13.733333333333334,20.6,91.45833333333333,24,24,2022,10,0
2022-10-31,10.995833333333332,13.2,98.79166666666667,24,24,2022,10,0
2022-11-01,12.225,16.7,87.33333333333333,24,24,2022,11,0
2022-11-02,9.929166666666667,14.8,79.20833333333333,20,24,2022,11,0
2022-11-03,8.166666666666666,13.3,86.16666666666667,24,24,2022,11,0
2022-11-04,9.820833333333335,11.3,81.875,24,24,2022,11,0
2022-11-05,8.016666666666667,10.6,89.75,24,24,2022,11,0
2022-11-06,5.7875000000000005,10.8,88.0,24,24,2022,11,0
2022-11-07,10.883333333333333,13.2,81.16666666666667,24,24,2022,11,0
2022-11-08,10.070833333333333,15.9,79.79166666666667,23,24,2022,11,0
2022-11-09,11.679166666666667,14.2,87.75,24,24,2022,11,0
2022-11-10,9.416666666666666,13.3,86.75,24,24,2022,11,0
2022-11-11,5.7875000000000005,11.8,94.5,24,24,2022,11,0
2022-11-12,4.895833333333333,7.0,98.83333333333333,24,24,2022,11,0
2022-11-13,5.570833333333333,12.6,87.25,23,24,2022,11,0
2022-11-14,6.383333333333333,10.9,86.58333333333333,24,24,2022,11,0
2022-11-15,9.475,13.3,80.0,24,24,2022,11,0
2022-11-16,9.745833333333334,13.4,84.45833333333333,24,24,2022,11,0
2022-11-17,8.575000000000001,11.6,90.45833333333333,24,24,2022,11,0
2022-11-18,7.55,9.2,92.41666666666667,24,24,2022,11,0
2022-11-19,0.2333333333333333,1.7,93.45833333333333,24,24,2022,11,0
2022-11-20,2.0541666666666667,4.8,93.29166666666667,24,24,2022,11,0
2022-11-21,4.954166666666667,6.7,84.41666666666667,24,24,2022,11,0
2022-11-22,4.9875,7.5,85.08333333333333,24,24,2022,11,0
2022-11-23,5.033333333333333,10.1,84.375,24,24,2022,11,0
2022-11-24,6.591666666666666,9.9,88.83333333333333,24,24,2022,11,0
2022-11-25,3.6916666666666664,6.4,94.58333333333333,24,24,2022,11,0
2022-11-26,5.0875,6.9,92.04166666666667,24,24,2022,11,0
2022-11-27,1.3166666666666667,3.7,93.16666666666667,24,24,2022,11,0
2022-11-28,3.829166666666667,5.0,89.04166666666667,24,24,2022,11,0
2022-11-29,4.804166666666666,5.7,94.125,24,24,2022,11,0
2022-11-30,4.8,4.8,96.0,1,1,2022,11,0
